2026-02-05 19:27:41,186 - __main__ - INFO - Training flood models for 5 sites...
2026-02-05 19:27:41,225 - __main__ - INFO - 
============================================================
2026-02-05 19:27:41,226 - __main__ - INFO - Training model for site 07374000: Mississippi River at Baton Rouge, LA
2026-02-05 19:27:41,327 - __main__ - INFO - ============================================================
2026-02-05 19:27:41,454 - __main__ - INFO - ============================================================
2026-02-05 19:27:41,473 - __main__ - INFO - FLOOD MODEL TRAINING - Site 07374000
2026-02-05 19:27:41,476 - __main__ - INFO - ============================================================
2026-02-05 19:27:41,476 - __main__ - INFO - Project root: C:\Users\woodn\OneDrive\Desktop\MAPOU_LAB_CAPSTONE\earthquake-flood-alert
2026-02-05 19:27:41,482 - __main__ - INFO - Loading data from C:\Users\woodn\OneDrive\Desktop\MAPOU_LAB_CAPSTONE\earthquake-flood-alert\data\processed\flood_features_07374000.csv
2026-02-05 19:27:43,081 - __main__ - INFO - Loaded 5,000 records for site 07374000
2026-02-05 19:27:43,088 - __main__ - INFO - Using 49 NUMERIC features:
2026-02-05 19:27:43,089 - __main__ - INFO -   1. site_no
2026-02-05 19:27:43,089 - __main__ - INFO -   2. 00065_Maximum
2026-02-05 19:27:43,091 - __main__ - INFO -   3. 00065_Minimum
2026-02-05 19:27:43,092 - __main__ - INFO -   4. 00065_Mean
2026-02-05 19:27:43,092 - __main__ - INFO -   5. discharge_log
2026-02-05 19:27:43,093 - __main__ - INFO -   6. discharge_rolling_mean_7d
2026-02-05 19:27:43,094 - __main__ - INFO -   7. discharge_rolling_std_7d
2026-02-05 19:27:43,096 - __main__ - INFO -   8. discharge_rolling_max_7d
2026-02-05 19:27:43,099 - __main__ - INFO -   9. discharge_rolling_min_7d
2026-02-05 19:27:43,100 - __main__ - INFO -   10. discharge_rolling_mean_14d
2026-02-05 19:27:43,104 - __main__ - INFO -   ... and 39 more
2026-02-05 19:27:43,306 - __main__ - ERROR - Traceback (most recent call last):
  File "c:\Users\woodn\OneDrive\Desktop\MAPOU_LAB_CAPSTONE\earthquake-flood-alert\src\predictors\flood_predictor.py", line 377, in train_all_flood_sites
    predictor = train_flood_model(site_id=site_id, model_type='RandomForest')
                ^^^^^^^^^^^^^^^^^^^^^^^^^^^^^^^^^^^^^^^^^^^^^^^^^^^^^^^^^^^^^
  File "c:\Users\woodn\OneDrive\Desktop\MAPOU_LAB_CAPSTONE\earthquake-flood-alert\src\predictors\flood_predictor.py", line 253, in train_flood_model
    split_idx = int(len(X) * (1 - config['flood']['test_size']))
                                  ~~~~~~~~~~~~~~~^^^^^^^^^^^^^
KeyError: 'test_size'

2026-02-05 19:27:43,312 - __main__ - INFO - 
============================================================
2026-02-05 19:27:43,317 - __main__ - INFO - Training model for site 01646500: Potomac River at Little Falls, MD
2026-02-05 19:27:43,318 - __main__ - INFO - ============================================================
2026-02-05 19:27:43,408 - __main__ - INFO - ============================================================
2026-02-05 19:27:43,436 - __main__ - INFO - FLOOD MODEL TRAINING - Site 01646500
2026-02-05 19:27:43,454 - __main__ - INFO - ============================================================
2026-02-05 19:27:43,471 - __main__ - INFO - Project root: C:\Users\woodn\OneDrive\Desktop\MAPOU_LAB_CAPSTONE\earthquake-flood-alert
2026-02-05 19:27:43,475 - __main__ - INFO - Loading data from C:\Users\woodn\OneDrive\Desktop\MAPOU_LAB_CAPSTONE\earthquake-flood-alert\data\processed\flood_features_01646500.csv
2026-02-05 19:27:44,342 - __main__ - INFO - Loaded 5,084 records for site 01646500
2026-02-05 19:27:44,386 - __main__ - INFO - Using 46 NUMERIC features:
2026-02-05 19:27:44,469 - __main__ - INFO -   1. site_no
2026-02-05 19:27:44,475 - __main__ - INFO -   2. discharge_log
2026-02-05 19:27:44,483 - __main__ - INFO -   3. discharge_rolling_mean_7d
2026-02-05 19:27:44,485 - __main__ - INFO -   4. discharge_rolling_std_7d
2026-02-05 19:27:44,507 - __main__ - INFO -   5. discharge_rolling_max_7d
2026-02-05 19:27:44,508 - __main__ - INFO -   6. discharge_rolling_min_7d
2026-02-05 19:27:44,522 - __main__ - INFO -   7. discharge_rolling_mean_14d
2026-02-05 19:27:44,537 - __main__ - INFO -   8. discharge_rolling_std_14d
2026-02-05 19:27:44,541 - __main__ - INFO -   9. discharge_rolling_max_14d
2026-02-05 19:27:44,555 - __main__ - INFO -   10. discharge_rolling_min_14d
2026-02-05 19:27:44,557 - __main__ - INFO -   ... and 36 more
2026-02-05 19:27:44,724 - __main__ - ERROR - Traceback (most recent call last):
  File "c:\Users\woodn\OneDrive\Desktop\MAPOU_LAB_CAPSTONE\earthquake-flood-alert\src\predictors\flood_predictor.py", line 377, in train_all_flood_sites
    predictor = train_flood_model(site_id=site_id, model_type='RandomForest')
                ^^^^^^^^^^^^^^^^^^^^^^^^^^^^^^^^^^^^^^^^^^^^^^^^^^^^^^^^^^^^^
  File "c:\Users\woodn\OneDrive\Desktop\MAPOU_LAB_CAPSTONE\earthquake-flood-alert\src\predictors\flood_predictor.py", line 253, in train_flood_model
    split_idx = int(len(X) * (1 - config['flood']['test_size']))
                                  ~~~~~~~~~~~~~~~^^^^^^^^^^^^^
KeyError: 'test_size'

2026-02-05 19:27:44,750 - __main__ - INFO - 
============================================================
2026-02-05 19:27:44,787 - __main__ - INFO - Training model for site 14211720: Willamette River at Portland, OR
2026-02-05 19:27:44,791 - __main__ - INFO - ============================================================
2026-02-05 19:27:44,882 - __main__ - INFO - ============================================================
2026-02-05 19:27:44,886 - __main__ - INFO - FLOOD MODEL TRAINING - Site 14211720
2026-02-05 19:27:44,887 - __main__ - INFO - ============================================================
2026-02-05 19:27:44,888 - __main__ - INFO - Project root: C:\Users\woodn\OneDrive\Desktop\MAPOU_LAB_CAPSTONE\earthquake-flood-alert
2026-02-05 19:27:44,905 - __main__ - INFO - Loading data from C:\Users\woodn\OneDrive\Desktop\MAPOU_LAB_CAPSTONE\earthquake-flood-alert\data\processed\flood_features_14211720.csv
2026-02-05 19:27:45,890 - __main__ - INFO - Loaded 5,084 records for site 14211720
2026-02-05 19:27:45,902 - __main__ - INFO - Using 46 NUMERIC features:
2026-02-05 19:27:45,905 - __main__ - INFO -   1. site_no
2026-02-05 19:27:45,906 - __main__ - INFO -   2. discharge_log
2026-02-05 19:27:45,920 - __main__ - INFO -   3. discharge_rolling_mean_7d
2026-02-05 19:27:45,923 - __main__ - INFO -   4. discharge_rolling_std_7d
2026-02-05 19:27:45,972 - __main__ - INFO -   5. discharge_rolling_max_7d
2026-02-05 19:27:45,986 - __main__ - INFO -   6. discharge_rolling_min_7d
2026-02-05 19:27:45,991 - __main__ - INFO -   7. discharge_rolling_mean_14d
2026-02-05 19:27:45,997 - __main__ - INFO -   8. discharge_rolling_std_14d
2026-02-05 19:27:46,003 - __main__ - INFO -   9. discharge_rolling_max_14d
2026-02-05 19:27:46,019 - __main__ - INFO -   10. discharge_rolling_min_14d
2026-02-05 19:27:46,034 - __main__ - INFO -   ... and 36 more
2026-02-05 19:27:46,173 - __main__ - ERROR - Traceback (most recent call last):
  File "c:\Users\woodn\OneDrive\Desktop\MAPOU_LAB_CAPSTONE\earthquake-flood-alert\src\predictors\flood_predictor.py", line 377, in train_all_flood_sites
    predictor = train_flood_model(site_id=site_id, model_type='RandomForest')
                ^^^^^^^^^^^^^^^^^^^^^^^^^^^^^^^^^^^^^^^^^^^^^^^^^^^^^^^^^^^^^
  File "c:\Users\woodn\OneDrive\Desktop\MAPOU_LAB_CAPSTONE\earthquake-flood-alert\src\predictors\flood_predictor.py", line 253, in train_flood_model
    split_idx = int(len(X) * (1 - config['flood']['test_size']))
                                  ~~~~~~~~~~~~~~~^^^^^^^^^^^^^
KeyError: 'test_size'

2026-02-05 19:27:46,200 - __main__ - INFO - 
============================================================
2026-02-05 19:27:46,204 - __main__ - INFO - Training model for site 08067000: Neches River at Evadale, TX
2026-02-05 19:27:46,206 - __main__ - INFO - ============================================================
2026-02-05 19:27:46,306 - __main__ - INFO - ============================================================
2026-02-05 19:27:46,307 - __main__ - INFO - FLOOD MODEL TRAINING - Site 08067000
2026-02-05 19:27:46,315 - __main__ - INFO - ============================================================
2026-02-05 19:27:46,317 - __main__ - INFO - Project root: C:\Users\woodn\OneDrive\Desktop\MAPOU_LAB_CAPSTONE\earthquake-flood-alert
2026-02-05 19:27:46,321 - __main__ - ERROR - Feature-engineered data not found: C:\Users\woodn\OneDrive\Desktop\MAPOU_LAB_CAPSTONE\earthquake-flood-alert\data\processed\flood_features_08067000.csv
2026-02-05 19:27:46,323 - __main__ - ERROR - Run src/data_processing/flood_features.py first!
2026-02-05 19:27:46,323 - __main__ - INFO - 
============================================================
2026-02-05 19:27:46,324 - __main__ - INFO - Training model for site 03374100: White River at Hazleton, IN
2026-02-05 19:27:46,327 - __main__ - INFO - ============================================================
2026-02-05 19:27:46,401 - __main__ - INFO - ============================================================
2026-02-05 19:27:46,403 - __main__ - INFO - FLOOD MODEL TRAINING - Site 03374100
2026-02-05 19:27:46,404 - __main__ - INFO - ============================================================
2026-02-05 19:27:46,405 - __main__ - INFO - Project root: C:\Users\woodn\OneDrive\Desktop\MAPOU_LAB_CAPSTONE\earthquake-flood-alert
2026-02-05 19:27:46,407 - __main__ - ERROR - Feature-engineered data not found: C:\Users\woodn\OneDrive\Desktop\MAPOU_LAB_CAPSTONE\earthquake-flood-alert\data\processed\flood_features_03374100.csv
2026-02-05 19:27:46,408 - __main__ - ERROR - Run src/data_processing/flood_features.py first!
2026-02-05 19:27:46,413 - __main__ - INFO - 
============================================================
2026-02-05 19:27:46,417 - __main__ - INFO - TRAINING COMPLETE: 0/5 sites
2026-02-05 19:27:46,418 - __main__ - INFO - ============================================================
2026-02-05 19:29:22,046 - __main__ - INFO - Training flood models for 5 sites...
2026-02-05 19:29:22,072 - __main__ - INFO - 
============================================================
2026-02-05 19:29:22,076 - __main__ - INFO - Training model for site 07374000: Mississippi River at Baton Rouge, LA
2026-02-05 19:29:22,089 - __main__ - INFO - ============================================================
2026-02-05 19:29:22,199 - __main__ - INFO - ============================================================
2026-02-05 19:29:22,225 - __main__ - INFO - FLOOD MODEL TRAINING - Site 07374000
2026-02-05 19:29:22,253 - __main__ - INFO - ============================================================
2026-02-05 19:29:22,332 - __main__ - INFO - Project root: C:\Users\woodn\OneDrive\Desktop\MAPOU_LAB_CAPSTONE\earthquake-flood-alert
2026-02-05 19:29:22,467 - __main__ - INFO - Loading data from C:\Users\woodn\OneDrive\Desktop\MAPOU_LAB_CAPSTONE\earthquake-flood-alert\data\processed\flood_features_07374000.csv
2026-02-05 19:29:24,121 - __main__ - INFO - Loaded 5,000 records for site 07374000
2026-02-05 19:29:24,188 - __main__ - INFO - Using 49 NUMERIC features:
2026-02-05 19:29:24,223 - __main__ - INFO -   1. site_no
2026-02-05 19:29:24,266 - __main__ - INFO -   2. 00065_Maximum
2026-02-05 19:29:24,289 - __main__ - INFO -   3. 00065_Minimum
2026-02-05 19:29:24,387 - __main__ - INFO -   4. 00065_Mean
2026-02-05 19:29:24,465 - __main__ - INFO -   5. discharge_log
2026-02-05 19:29:24,504 - __main__ - INFO -   6. discharge_rolling_mean_7d
2026-02-05 19:29:24,536 - __main__ - INFO -   7. discharge_rolling_std_7d
2026-02-05 19:29:24,579 - __main__ - INFO -   8. discharge_rolling_max_7d
2026-02-05 19:29:24,597 - __main__ - INFO -   9. discharge_rolling_min_7d
2026-02-05 19:29:24,617 - __main__ - INFO -   10. discharge_rolling_mean_14d
2026-02-05 19:29:24,635 - __main__ - INFO -   ... and 39 more
2026-02-05 19:29:24,738 - __main__ - INFO - Train set: 4,000 samples (0.072 positive rate)
2026-02-05 19:29:24,745 - __main__ - INFO - Test set: 1,000 samples (0.000 positive rate)
2026-02-05 19:29:24,926 - __main__ - INFO - Training RandomForestClassifier...
2026-02-05 19:29:27,633 - __main__ - INFO - 
============================================================
2026-02-05 19:29:27,636 - __main__ - INFO - TEST SET PERFORMANCE
2026-02-05 19:29:27,643 - __main__ - INFO - ============================================================
2026-02-05 19:29:27,644 - __main__ - INFO - Accuracy:  0.9990
2026-02-05 19:29:27,647 - __main__ - INFO - Precision: 0.0000
2026-02-05 19:29:27,648 - __main__ - INFO - Recall:    0.0000
2026-02-05 19:29:27,650 - __main__ - INFO - F1 Score:  0.0000
2026-02-05 19:29:27,651 - __main__ - INFO - ROC AUC:   nan
2026-02-05 19:29:27,662 - __main__ - INFO - 
Classification Report:
2026-02-05 19:29:27,750 - __main__ - INFO -               precision    recall  f1-score   support

    No Flood       1.00      1.00      1.00      1000
 Flood Event       0.00      0.00      0.00         0

    accuracy                           1.00      1000
   macro avg       0.50      0.50      0.50      1000
weighted avg       1.00      1.00      1.00      1000

2026-02-05 19:29:28,563 - __main__ - INFO - 
============================================================
2026-02-05 19:29:28,569 - __main__ - INFO - TRAINING COMPLETE!
2026-02-05 19:29:28,576 - __main__ - INFO - ============================================================
2026-02-05 19:29:28,800 - __main__ - INFO - 
============================================================
2026-02-05 19:29:28,814 - __main__ - INFO - Training model for site 01646500: Potomac River at Little Falls, MD
2026-02-05 19:29:28,836 - __main__ - INFO - ============================================================
2026-02-05 19:29:28,939 - __main__ - INFO - ============================================================
2026-02-05 19:29:28,948 - __main__ - INFO - FLOOD MODEL TRAINING - Site 01646500
2026-02-05 19:29:28,956 - __main__ - INFO - ============================================================
2026-02-05 19:29:28,963 - __main__ - INFO - Project root: C:\Users\woodn\OneDrive\Desktop\MAPOU_LAB_CAPSTONE\earthquake-flood-alert
2026-02-05 19:29:28,987 - __main__ - INFO - Loading data from C:\Users\woodn\OneDrive\Desktop\MAPOU_LAB_CAPSTONE\earthquake-flood-alert\data\processed\flood_features_01646500.csv
2026-02-05 19:29:29,563 - __main__ - INFO - Loaded 5,084 records for site 01646500
2026-02-05 19:29:29,576 - __main__ - INFO - Using 46 NUMERIC features:
2026-02-05 19:29:29,580 - __main__ - INFO -   1. site_no
2026-02-05 19:29:29,581 - __main__ - INFO -   2. discharge_log
2026-02-05 19:29:29,583 - __main__ - INFO -   3. discharge_rolling_mean_7d
2026-02-05 19:29:29,600 - __main__ - INFO -   4. discharge_rolling_std_7d
2026-02-05 19:29:29,602 - __main__ - INFO -   5. discharge_rolling_max_7d
2026-02-05 19:29:29,603 - __main__ - INFO -   6. discharge_rolling_min_7d
2026-02-05 19:29:29,626 - __main__ - INFO -   7. discharge_rolling_mean_14d
2026-02-05 19:29:29,650 - __main__ - INFO -   8. discharge_rolling_std_14d
2026-02-05 19:29:29,680 - __main__ - INFO -   9. discharge_rolling_max_14d
2026-02-05 19:29:29,684 - __main__ - INFO -   10. discharge_rolling_min_14d
2026-02-05 19:29:29,713 - __main__ - INFO -   ... and 36 more
2026-02-05 19:29:29,800 - __main__ - INFO - Train set: 4,067 samples (0.145 positive rate)
2026-02-05 19:29:29,809 - __main__ - INFO - Test set: 1,017 samples (0.055 positive rate)
2026-02-05 19:29:29,934 - __main__ - INFO - Training RandomForestClassifier...
2026-02-05 19:29:32,293 - __main__ - INFO - 
============================================================
2026-02-05 19:29:32,293 - __main__ - INFO - TEST SET PERFORMANCE
2026-02-05 19:29:32,295 - __main__ - INFO - ============================================================
2026-02-05 19:29:32,295 - __main__ - INFO - Accuracy:  0.9548
2026-02-05 19:29:32,296 - __main__ - INFO - Precision: 0.6667
2026-02-05 19:29:32,297 - __main__ - INFO - Recall:    0.3571
2026-02-05 19:29:32,297 - __main__ - INFO - F1 Score:  0.4651
2026-02-05 19:29:32,298 - __main__ - INFO - ROC AUC:   0.7264
2026-02-05 19:29:32,299 - __main__ - INFO - 
Classification Report:
2026-02-05 19:29:32,398 - __main__ - INFO -               precision    recall  f1-score   support

    No Flood       0.96      0.99      0.98       961
 Flood Event       0.67      0.36      0.47        56

    accuracy                           0.95      1017
   macro avg       0.82      0.67      0.72      1017
weighted avg       0.95      0.95      0.95      1017

2026-02-05 19:29:33,207 - __main__ - INFO - 
============================================================
2026-02-05 19:29:33,227 - __main__ - INFO - TRAINING COMPLETE!
2026-02-05 19:29:33,242 - __main__ - INFO - ============================================================
2026-02-05 19:29:33,467 - __main__ - INFO - 
============================================================
2026-02-05 19:29:33,483 - __main__ - INFO - Training model for site 14211720: Willamette River at Portland, OR
2026-02-05 19:29:33,508 - __main__ - INFO - ============================================================
2026-02-05 19:29:33,627 - __main__ - INFO - ============================================================
2026-02-05 19:29:33,641 - __main__ - INFO - FLOOD MODEL TRAINING - Site 14211720
2026-02-05 19:29:33,660 - __main__ - INFO - ============================================================
2026-02-05 19:29:33,683 - __main__ - INFO - Project root: C:\Users\woodn\OneDrive\Desktop\MAPOU_LAB_CAPSTONE\earthquake-flood-alert
2026-02-05 19:29:33,697 - __main__ - INFO - Loading data from C:\Users\woodn\OneDrive\Desktop\MAPOU_LAB_CAPSTONE\earthquake-flood-alert\data\processed\flood_features_14211720.csv
2026-02-05 19:29:34,313 - __main__ - INFO - Loaded 5,084 records for site 14211720
2026-02-05 19:29:34,332 - __main__ - INFO - Using 46 NUMERIC features:
2026-02-05 19:29:34,343 - __main__ - INFO -   1. site_no
2026-02-05 19:29:34,348 - __main__ - INFO -   2. discharge_log
2026-02-05 19:29:34,364 - __main__ - INFO -   3. discharge_rolling_mean_7d
2026-02-05 19:29:34,379 - __main__ - INFO -   4. discharge_rolling_std_7d
2026-02-05 19:29:34,381 - __main__ - INFO -   5. discharge_rolling_max_7d
2026-02-05 19:29:34,407 - __main__ - INFO -   6. discharge_rolling_min_7d
2026-02-05 19:29:34,410 - __main__ - INFO -   7. discharge_rolling_mean_14d
2026-02-05 19:29:34,428 - __main__ - INFO -   8. discharge_rolling_std_14d
2026-02-05 19:29:34,429 - __main__ - INFO -   9. discharge_rolling_max_14d
2026-02-05 19:29:34,430 - __main__ - INFO -   10. discharge_rolling_min_14d
2026-02-05 19:29:34,447 - __main__ - INFO -   ... and 36 more
2026-02-05 19:29:34,520 - __main__ - INFO - Train set: 4,067 samples (0.098 positive rate)
2026-02-05 19:29:34,523 - __main__ - INFO - Test set: 1,017 samples (0.069 positive rate)
2026-02-05 19:29:34,646 - __main__ - INFO - Training RandomForestClassifier...
2026-02-05 19:29:36,845 - __main__ - INFO - 
============================================================
2026-02-05 19:29:36,848 - __main__ - INFO - TEST SET PERFORMANCE
2026-02-05 19:29:36,851 - __main__ - INFO - ============================================================
2026-02-05 19:29:36,854 - __main__ - INFO - Accuracy:  0.9607
2026-02-05 19:29:36,856 - __main__ - INFO - Precision: 0.7778
2026-02-05 19:29:36,858 - __main__ - INFO - Recall:    0.6000
2026-02-05 19:29:36,860 - __main__ - INFO - F1 Score:  0.6774
2026-02-05 19:29:36,861 - __main__ - INFO - ROC AUC:   0.9457
2026-02-05 19:29:36,866 - __main__ - INFO - 
Classification Report:
2026-02-05 19:29:36,941 - __main__ - INFO -               precision    recall  f1-score   support

    No Flood       0.97      0.99      0.98       947
 Flood Event       0.78      0.60      0.68        70

    accuracy                           0.96      1017
   macro avg       0.87      0.79      0.83      1017
weighted avg       0.96      0.96      0.96      1017

2026-02-05 19:29:38,255 - __main__ - INFO - 
============================================================
2026-02-05 19:29:38,257 - __main__ - INFO - TRAINING COMPLETE!
2026-02-05 19:29:38,288 - __main__ - INFO - ============================================================
2026-02-05 19:29:38,372 - __main__ - INFO - 
============================================================
2026-02-05 19:29:38,392 - __main__ - INFO - Training model for site 08067000: Neches River at Evadale, TX
2026-02-05 19:29:38,395 - __main__ - INFO - ============================================================
2026-02-05 19:29:38,536 - __main__ - INFO - ============================================================
2026-02-05 19:29:38,538 - __main__ - INFO - FLOOD MODEL TRAINING - Site 08067000
2026-02-05 19:29:38,539 - __main__ - INFO - ============================================================
2026-02-05 19:29:38,541 - __main__ - INFO - Project root: C:\Users\woodn\OneDrive\Desktop\MAPOU_LAB_CAPSTONE\earthquake-flood-alert
2026-02-05 19:29:38,551 - __main__ - ERROR - Feature-engineered data not found: C:\Users\woodn\OneDrive\Desktop\MAPOU_LAB_CAPSTONE\earthquake-flood-alert\data\processed\flood_features_08067000.csv
2026-02-05 19:29:38,554 - __main__ - ERROR - Run src/data_processing/flood_features.py first!
2026-02-05 19:29:38,556 - __main__ - INFO - 
============================================================
2026-02-05 19:29:38,590 - __main__ - INFO - Training model for site 03374100: White River at Hazleton, IN
2026-02-05 19:29:38,595 - __main__ - INFO - ============================================================
2026-02-05 19:29:38,673 - __main__ - INFO - ============================================================
2026-02-05 19:29:38,688 - __main__ - INFO - FLOOD MODEL TRAINING - Site 03374100
2026-02-05 19:29:38,703 - __main__ - INFO - ============================================================
2026-02-05 19:29:38,707 - __main__ - INFO - Project root: C:\Users\woodn\OneDrive\Desktop\MAPOU_LAB_CAPSTONE\earthquake-flood-alert
2026-02-05 19:29:38,719 - __main__ - ERROR - Feature-engineered data not found: C:\Users\woodn\OneDrive\Desktop\MAPOU_LAB_CAPSTONE\earthquake-flood-alert\data\processed\flood_features_03374100.csv
2026-02-05 19:29:38,722 - __main__ - ERROR - Run src/data_processing/flood_features.py first!
2026-02-05 19:29:38,728 - __main__ - INFO - 
============================================================
2026-02-05 19:29:38,751 - __main__ - INFO - TRAINING COMPLETE: 3/5 sites
2026-02-05 19:29:38,771 - __main__ - INFO - ============================================================
2026-02-05 20:21:22,716 - __main__ - INFO - Training flood models for 5 sites...
2026-02-05 20:21:22,723 - __main__ - INFO - 
============================================================
2026-02-05 20:21:22,729 - __main__ - INFO - Training model for site 07374000: Mississippi River at Baton Rouge, LA
2026-02-05 20:21:22,733 - __main__ - INFO - ============================================================
2026-02-05 20:21:22,796 - __main__ - INFO - ============================================================
2026-02-05 20:21:22,800 - __main__ - INFO - FLOOD MODEL TRAINING - Site 07374000
2026-02-05 20:21:22,803 - __main__ - INFO - ============================================================
2026-02-05 20:21:22,807 - __main__ - INFO - Project root: C:\Users\woodn\OneDrive\Desktop\MAPOU_LAB_CAPSTONE\earthquake-flood-alert
2026-02-05 20:21:22,815 - __main__ - ERROR - Feature-engineered data not found: C:\Users\woodn\OneDrive\Desktop\MAPOU_LAB_CAPSTONE\earthquake-flood-alert\data\processed\flood_features_07374000.csv
2026-02-05 20:21:22,815 - __main__ - ERROR - Run src/data_processing/flood_features.py first!
2026-02-05 20:21:22,819 - __main__ - INFO - 
============================================================
2026-02-05 20:21:22,829 - __main__ - INFO - Training model for site 01646500: Potomac River at Little Falls, MD
2026-02-05 20:21:22,831 - __main__ - INFO - ============================================================
2026-02-05 20:21:22,915 - __main__ - INFO - ============================================================
2026-02-05 20:21:22,917 - __main__ - INFO - FLOOD MODEL TRAINING - Site 01646500
2026-02-05 20:21:22,922 - __main__ - INFO - ============================================================
2026-02-05 20:21:22,926 - __main__ - INFO - Project root: C:\Users\woodn\OneDrive\Desktop\MAPOU_LAB_CAPSTONE\earthquake-flood-alert
2026-02-05 20:21:22,927 - __main__ - ERROR - Feature-engineered data not found: C:\Users\woodn\OneDrive\Desktop\MAPOU_LAB_CAPSTONE\earthquake-flood-alert\data\processed\flood_features_01646500.csv
2026-02-05 20:21:22,929 - __main__ - ERROR - Run src/data_processing/flood_features.py first!
2026-02-05 20:21:22,930 - __main__ - INFO - 
============================================================
2026-02-05 20:21:22,934 - __main__ - INFO - Training model for site 14211720: Willamette River at Portland, OR
2026-02-05 20:21:22,936 - __main__ - INFO - ============================================================
2026-02-05 20:21:23,000 - __main__ - INFO - ============================================================
2026-02-05 20:21:23,007 - __main__ - INFO - FLOOD MODEL TRAINING - Site 14211720
2026-02-05 20:21:23,011 - __main__ - INFO - ============================================================
2026-02-05 20:21:23,013 - __main__ - INFO - Project root: C:\Users\woodn\OneDrive\Desktop\MAPOU_LAB_CAPSTONE\earthquake-flood-alert
2026-02-05 20:21:23,016 - __main__ - ERROR - Feature-engineered data not found: C:\Users\woodn\OneDrive\Desktop\MAPOU_LAB_CAPSTONE\earthquake-flood-alert\data\processed\flood_features_14211720.csv
2026-02-05 20:21:23,018 - __main__ - ERROR - Run src/data_processing/flood_features.py first!
2026-02-05 20:21:23,020 - __main__ - INFO - 
============================================================
2026-02-05 20:21:23,028 - __main__ - INFO - Training model for site 08067000: Neches River at Evadale, TX
2026-02-05 20:21:23,030 - __main__ - INFO - ============================================================
2026-02-05 20:21:23,109 - __main__ - INFO - ============================================================
2026-02-05 20:21:23,109 - __main__ - INFO - FLOOD MODEL TRAINING - Site 08067000
2026-02-05 20:21:23,119 - __main__ - INFO - ============================================================
2026-02-05 20:21:23,125 - __main__ - INFO - Project root: C:\Users\woodn\OneDrive\Desktop\MAPOU_LAB_CAPSTONE\earthquake-flood-alert
2026-02-05 20:21:23,127 - __main__ - ERROR - Feature-engineered data not found: C:\Users\woodn\OneDrive\Desktop\MAPOU_LAB_CAPSTONE\earthquake-flood-alert\data\processed\flood_features_08067000.csv
2026-02-05 20:21:23,129 - __main__ - ERROR - Run src/data_processing/flood_features.py first!
2026-02-05 20:21:23,129 - __main__ - INFO - 
============================================================
2026-02-05 20:21:23,131 - __main__ - INFO - Training model for site 03374100: White River at Hazleton, IN
2026-02-05 20:21:23,131 - __main__ - INFO - ============================================================
2026-02-05 20:21:23,184 - __main__ - INFO - ============================================================
2026-02-05 20:21:23,197 - __main__ - INFO - FLOOD MODEL TRAINING - Site 03374100
2026-02-05 20:21:23,217 - __main__ - INFO - ============================================================
2026-02-05 20:21:23,219 - __main__ - INFO - Project root: C:\Users\woodn\OneDrive\Desktop\MAPOU_LAB_CAPSTONE\earthquake-flood-alert
2026-02-05 20:21:23,228 - __main__ - ERROR - Feature-engineered data not found: C:\Users\woodn\OneDrive\Desktop\MAPOU_LAB_CAPSTONE\earthquake-flood-alert\data\processed\flood_features_03374100.csv
2026-02-05 20:21:23,230 - __main__ - ERROR - Run src/data_processing/flood_features.py first!
2026-02-05 20:21:23,232 - __main__ - INFO - 
============================================================
2026-02-05 20:21:23,232 - __main__ - INFO - TRAINING COMPLETE: 0/5 sites
2026-02-05 20:21:23,232 - __main__ - INFO - ============================================================
2026-02-05 20:22:26,350 - __main__ - INFO - Training flood models for 5 sites...
2026-02-05 20:22:26,350 - __main__ - INFO - 
============================================================
2026-02-05 20:22:26,350 - __main__ - INFO - Training model for site 07374000: Mississippi River at Baton Rouge, LA
2026-02-05 20:22:26,352 - __main__ - INFO - ============================================================
2026-02-05 20:22:26,414 - __main__ - INFO - ============================================================
2026-02-05 20:22:26,422 - __main__ - INFO - FLOOD MODEL TRAINING - Site 07374000
2026-02-05 20:22:26,436 - __main__ - INFO - ============================================================
2026-02-05 20:22:26,475 - __main__ - INFO - Project root: C:\Users\woodn\OneDrive\Desktop\MAPOU_LAB_CAPSTONE\earthquake-flood-alert
2026-02-05 20:22:26,475 - __main__ - INFO - Loading data from C:\Users\woodn\OneDrive\Desktop\MAPOU_LAB_CAPSTONE\earthquake-flood-alert\data\processed\flood_features_07374000.csv
2026-02-05 20:22:26,866 - __main__ - INFO - Loaded 5,000 records for site 07374000
2026-02-05 20:22:26,866 - __main__ - INFO - Using 49 NUMERIC features:
2026-02-05 20:22:26,866 - __main__ - INFO -   1. site_no
2026-02-05 20:22:26,866 - __main__ - INFO -   2. 00065_Maximum
2026-02-05 20:22:26,866 - __main__ - INFO -   3. 00065_Minimum
2026-02-05 20:22:26,866 - __main__ - INFO -   4. 00065_Mean
2026-02-05 20:22:26,866 - __main__ - INFO -   5. discharge_log
2026-02-05 20:22:26,866 - __main__ - INFO -   6. discharge_rolling_mean_7d
2026-02-05 20:22:26,866 - __main__ - INFO -   7. discharge_rolling_std_7d
2026-02-05 20:22:26,866 - __main__ - INFO -   8. discharge_rolling_max_7d
2026-02-05 20:22:26,877 - __main__ - INFO -   9. discharge_rolling_min_7d
2026-02-05 20:22:26,877 - __main__ - INFO -   10. discharge_rolling_mean_14d
2026-02-05 20:22:26,877 - __main__ - INFO -   ... and 39 more
2026-02-05 20:22:26,886 - __main__ - INFO - Train set: 4,000 samples (0.072 positive rate)
2026-02-05 20:22:26,894 - __main__ - INFO - Test set: 1,000 samples (0.000 positive rate)
2026-02-05 20:22:26,927 - __main__ - INFO - Training RandomForestClassifier...
2026-02-05 20:22:27,768 - __main__ - INFO - 
============================================================
2026-02-05 20:22:27,768 - __main__ - INFO - TEST SET PERFORMANCE
2026-02-05 20:22:27,768 - __main__ - INFO - ============================================================
2026-02-05 20:22:27,768 - __main__ - INFO - Accuracy:  0.9990
2026-02-05 20:22:27,777 - __main__ - INFO - Precision: 0.0000
2026-02-05 20:22:27,777 - __main__ - INFO - Recall:    0.0000
2026-02-05 20:22:27,777 - __main__ - INFO - F1 Score:  0.0000
2026-02-05 20:22:27,777 - __main__ - INFO - ROC AUC:   nan
2026-02-05 20:22:27,777 - __main__ - INFO - 
Classification Report:
2026-02-05 20:22:27,814 - __main__ - INFO -               precision    recall  f1-score   support

    No Flood       1.00      1.00      1.00      1000
 Flood Event       0.00      0.00      0.00         0

    accuracy                           1.00      1000
   macro avg       0.50      0.50      0.50      1000
weighted avg       1.00      1.00      1.00      1000

2026-02-05 20:22:27,986 - __main__ - INFO - 
============================================================
2026-02-05 20:22:27,986 - __main__ - INFO - TRAINING COMPLETE!
2026-02-05 20:22:27,986 - __main__ - INFO - ============================================================
2026-02-05 20:22:28,004 - __main__ - INFO - 
============================================================
2026-02-05 20:22:28,006 - __main__ - INFO - Training model for site 01646500: Potomac River at Little Falls, MD
2026-02-05 20:22:28,007 - __main__ - INFO - ============================================================
2026-02-05 20:22:28,037 - __main__ - INFO - ============================================================
2026-02-05 20:22:28,037 - __main__ - INFO - FLOOD MODEL TRAINING - Site 01646500
2026-02-05 20:22:28,037 - __main__ - INFO - ============================================================
2026-02-05 20:22:28,037 - __main__ - INFO - Project root: C:\Users\woodn\OneDrive\Desktop\MAPOU_LAB_CAPSTONE\earthquake-flood-alert
2026-02-05 20:22:28,037 - __main__ - INFO - Loading data from C:\Users\woodn\OneDrive\Desktop\MAPOU_LAB_CAPSTONE\earthquake-flood-alert\data\processed\flood_features_01646500.csv
2026-02-05 20:22:28,311 - __main__ - INFO - Loaded 5,084 records for site 01646500
2026-02-05 20:22:28,311 - __main__ - INFO - Using 46 NUMERIC features:
2026-02-05 20:22:28,311 - __main__ - INFO -   1. site_no
2026-02-05 20:22:28,311 - __main__ - INFO -   2. discharge_log
2026-02-05 20:22:28,311 - __main__ - INFO -   3. discharge_rolling_mean_7d
2026-02-05 20:22:28,311 - __main__ - INFO -   4. discharge_rolling_std_7d
2026-02-05 20:22:28,311 - __main__ - INFO -   5. discharge_rolling_max_7d
2026-02-05 20:22:28,311 - __main__ - INFO -   6. discharge_rolling_min_7d
2026-02-05 20:22:28,311 - __main__ - INFO -   7. discharge_rolling_mean_14d
2026-02-05 20:22:28,311 - __main__ - INFO -   8. discharge_rolling_std_14d
2026-02-05 20:22:28,326 - __main__ - INFO -   9. discharge_rolling_max_14d
2026-02-05 20:22:28,326 - __main__ - INFO -   10. discharge_rolling_min_14d
2026-02-05 20:22:28,326 - __main__ - INFO -   ... and 36 more
2026-02-05 20:22:28,346 - __main__ - INFO - Train set: 4,067 samples (0.145 positive rate)
2026-02-05 20:22:28,350 - __main__ - INFO - Test set: 1,017 samples (0.055 positive rate)
2026-02-05 20:22:28,383 - __main__ - INFO - Training RandomForestClassifier...
2026-02-05 20:22:29,653 - __main__ - INFO - 
============================================================
2026-02-05 20:22:29,653 - __main__ - INFO - TEST SET PERFORMANCE
2026-02-05 20:22:29,655 - __main__ - INFO - ============================================================
2026-02-05 20:22:29,655 - __main__ - INFO - Accuracy:  0.9548
2026-02-05 20:22:29,655 - __main__ - INFO - Precision: 0.6667
2026-02-05 20:22:29,655 - __main__ - INFO - Recall:    0.3571
2026-02-05 20:22:29,655 - __main__ - INFO - F1 Score:  0.4651
2026-02-05 20:22:29,655 - __main__ - INFO - ROC AUC:   0.7264
2026-02-05 20:22:29,655 - __main__ - INFO - 
Classification Report:
2026-02-05 20:22:29,704 - __main__ - INFO -               precision    recall  f1-score   support

    No Flood       0.96      0.99      0.98       961
 Flood Event       0.67      0.36      0.47        56

    accuracy                           0.95      1017
   macro avg       0.82      0.67      0.72      1017
weighted avg       0.95      0.95      0.95      1017

2026-02-05 20:22:29,990 - __main__ - INFO - 
============================================================
2026-02-05 20:22:29,993 - __main__ - INFO - TRAINING COMPLETE!
2026-02-05 20:22:29,999 - __main__ - INFO - ============================================================
2026-02-05 20:22:30,021 - __main__ - INFO - 
============================================================
2026-02-05 20:22:30,021 - __main__ - INFO - Training model for site 14211720: Willamette River at Portland, OR
2026-02-05 20:22:30,026 - __main__ - INFO - ============================================================
2026-02-05 20:22:30,074 - __main__ - INFO - ============================================================
2026-02-05 20:22:30,074 - __main__ - INFO - FLOOD MODEL TRAINING - Site 14211720
2026-02-05 20:22:30,077 - __main__ - INFO - ============================================================
2026-02-05 20:22:30,077 - __main__ - INFO - Project root: C:\Users\woodn\OneDrive\Desktop\MAPOU_LAB_CAPSTONE\earthquake-flood-alert
2026-02-05 20:22:30,079 - __main__ - INFO - Loading data from C:\Users\woodn\OneDrive\Desktop\MAPOU_LAB_CAPSTONE\earthquake-flood-alert\data\processed\flood_features_14211720.csv
2026-02-05 20:22:30,492 - __main__ - INFO - Loaded 5,084 records for site 14211720
2026-02-05 20:22:30,492 - __main__ - INFO - Using 46 NUMERIC features:
2026-02-05 20:22:30,492 - __main__ - INFO -   1. site_no
2026-02-05 20:22:30,505 - __main__ - INFO -   2. discharge_log
2026-02-05 20:22:30,505 - __main__ - INFO -   3. discharge_rolling_mean_7d
2026-02-05 20:22:30,507 - __main__ - INFO -   4. discharge_rolling_std_7d
2026-02-05 20:22:30,509 - __main__ - INFO -   5. discharge_rolling_max_7d
2026-02-05 20:22:30,509 - __main__ - INFO -   6. discharge_rolling_min_7d
2026-02-05 20:22:30,509 - __main__ - INFO -   7. discharge_rolling_mean_14d
2026-02-05 20:22:30,514 - __main__ - INFO -   8. discharge_rolling_std_14d
2026-02-05 20:22:30,514 - __main__ - INFO -   9. discharge_rolling_max_14d
2026-02-05 20:22:30,514 - __main__ - INFO -   10. discharge_rolling_min_14d
2026-02-05 20:22:30,514 - __main__ - INFO -   ... and 36 more
2026-02-05 20:22:30,544 - __main__ - INFO - Train set: 4,067 samples (0.098 positive rate)
2026-02-05 20:22:30,551 - __main__ - INFO - Test set: 1,017 samples (0.069 positive rate)
2026-02-05 20:22:30,599 - __main__ - INFO - Training RandomForestClassifier...
2026-02-05 20:22:31,723 - __main__ - INFO - 
============================================================
2026-02-05 20:22:31,723 - __main__ - INFO - TEST SET PERFORMANCE
2026-02-05 20:22:31,723 - __main__ - INFO - ============================================================
2026-02-05 20:22:31,723 - __main__ - INFO - Accuracy:  0.9607
2026-02-05 20:22:31,723 - __main__ - INFO - Precision: 0.7778
2026-02-05 20:22:31,723 - __main__ - INFO - Recall:    0.6000
2026-02-05 20:22:31,723 - __main__ - INFO - F1 Score:  0.6774
2026-02-05 20:22:31,723 - __main__ - INFO - ROC AUC:   0.9457
2026-02-05 20:22:31,723 - __main__ - INFO - 
Classification Report:
2026-02-05 20:22:31,751 - __main__ - INFO -               precision    recall  f1-score   support

    No Flood       0.97      0.99      0.98       947
 Flood Event       0.78      0.60      0.68        70

    accuracy                           0.96      1017
   macro avg       0.87      0.79      0.83      1017
weighted avg       0.96      0.96      0.96      1017

2026-02-05 20:22:31,933 - __main__ - INFO - 
============================================================
2026-02-05 20:22:31,936 - __main__ - INFO - TRAINING COMPLETE!
2026-02-05 20:22:31,938 - __main__ - INFO - ============================================================
2026-02-05 20:22:31,950 - __main__ - INFO - 
============================================================
2026-02-05 20:22:31,950 - __main__ - INFO - Training model for site 08067000: Neches River at Evadale, TX
2026-02-05 20:22:31,950 - __main__ - INFO - ============================================================
2026-02-05 20:22:31,974 - __main__ - INFO - ============================================================
2026-02-05 20:22:31,974 - __main__ - INFO - FLOOD MODEL TRAINING - Site 08067000
2026-02-05 20:22:31,974 - __main__ - INFO - ============================================================
2026-02-05 20:22:31,974 - __main__ - INFO - Project root: C:\Users\woodn\OneDrive\Desktop\MAPOU_LAB_CAPSTONE\earthquake-flood-alert
2026-02-05 20:22:31,974 - __main__ - INFO - Loading data from C:\Users\woodn\OneDrive\Desktop\MAPOU_LAB_CAPSTONE\earthquake-flood-alert\data\processed\flood_features_08067000.csv
2026-02-05 20:22:32,150 - __main__ - INFO - Loaded 2,760 records for site 08067000
2026-02-05 20:22:32,150 - __main__ - INFO - Using 47 NUMERIC features:
2026-02-05 20:22:32,150 - __main__ - INFO -   1. site_no
2026-02-05 20:22:32,150 - __main__ - INFO -   2. 00065_Mean
2026-02-05 20:22:32,150 - __main__ - INFO -   3. discharge_log
2026-02-05 20:22:32,150 - __main__ - INFO -   4. discharge_rolling_mean_7d
2026-02-05 20:22:32,150 - __main__ - INFO -   5. discharge_rolling_std_7d
2026-02-05 20:22:32,166 - __main__ - INFO -   6. discharge_rolling_max_7d
2026-02-05 20:22:32,166 - __main__ - INFO -   7. discharge_rolling_min_7d
2026-02-05 20:22:32,166 - __main__ - INFO -   8. discharge_rolling_mean_14d
2026-02-05 20:22:32,166 - __main__ - INFO -   9. discharge_rolling_std_14d
2026-02-05 20:22:32,166 - __main__ - INFO -   10. discharge_rolling_max_14d
2026-02-05 20:22:32,166 - __main__ - INFO -   ... and 37 more
2026-02-05 20:22:32,178 - __main__ - INFO - Train set: 2,208 samples (0.157 positive rate)
2026-02-05 20:22:32,178 - __main__ - INFO - Test set: 552 samples (0.000 positive rate)
2026-02-05 20:22:32,200 - __main__ - INFO - Training RandomForestClassifier...
2026-02-05 20:22:33,153 - __main__ - INFO - 
============================================================
2026-02-05 20:22:33,153 - __main__ - INFO - TEST SET PERFORMANCE
2026-02-05 20:22:33,153 - __main__ - INFO - ============================================================
2026-02-05 20:22:33,155 - __main__ - INFO - Accuracy:  1.0000
2026-02-05 20:22:33,155 - __main__ - INFO - Precision: 0.0000
2026-02-05 20:22:33,155 - __main__ - INFO - Recall:    0.0000
2026-02-05 20:22:33,155 - __main__ - INFO - F1 Score:  0.0000
2026-02-05 20:22:33,157 - __main__ - INFO - ROC AUC:   nan
2026-02-05 20:22:33,157 - __main__ - INFO - 
Classification Report:
2026-02-05 20:22:33,308 - __main__ - ERROR - Traceback (most recent call last):
  File "c:\Users\woodn\OneDrive\Desktop\MAPOU_LAB_CAPSTONE\earthquake-flood-alert\src\predictors\flood_predictor.py", line 377, in train_all_flood_sites
    predictor = train_flood_model(site_id=site_id, model_type='RandomForest')
                ^^^^^^^^^^^^^^^^^^^^^^^^^^^^^^^^^^^^^^^^^^^^^^^^^^^^^^^^^^^^^
  File "c:\Users\woodn\OneDrive\Desktop\MAPOU_LAB_CAPSTONE\earthquake-flood-alert\src\predictors\flood_predictor.py", line 298, in train_flood_model
    logger.info(classification_report(y_test, y_pred,
               ^^^^^^^^^^^^^^^^^^^^^^^^^^^^^^^^^^^^^
  File "C:\Users\woodn\AppData\Local\Programs\Python\Python312\Lib\site-packages\sklearn\utils\_param_validation.py", line 218, in wrapper
    return func(*args, **kwargs)
           ^^^^^^^^^^^^^^^^^^^^^
  File "C:\Users\woodn\AppData\Local\Programs\Python\Python312\Lib\site-packages\sklearn\metrics\_classification.py", line 3097, in classification_report
    raise ValueError(
ValueError: Number of classes, 1, does not match size of target_names, 2. Try specifying the labels parameter

2026-02-05 20:22:33,309 - __main__ - INFO - 
============================================================
2026-02-05 20:22:33,309 - __main__ - INFO - Training model for site 03374100: White River at Hazleton, IN
2026-02-05 20:22:33,309 - __main__ - INFO - ============================================================
2026-02-05 20:22:33,333 - __main__ - INFO - ============================================================
2026-02-05 20:22:33,334 - __main__ - INFO - FLOOD MODEL TRAINING - Site 03374100
2026-02-05 20:22:33,334 - __main__ - INFO - ============================================================
2026-02-05 20:22:33,334 - __main__ - INFO - Project root: C:\Users\woodn\OneDrive\Desktop\MAPOU_LAB_CAPSTONE\earthquake-flood-alert
2026-02-05 20:22:33,334 - __main__ - INFO - Loading data from C:\Users\woodn\OneDrive\Desktop\MAPOU_LAB_CAPSTONE\earthquake-flood-alert\data\processed\flood_features_03374100.csv
2026-02-05 20:22:33,589 - __main__ - INFO - Loaded 4,811 records for site 03374100
2026-02-05 20:22:33,589 - __main__ - INFO - Using 46 NUMERIC features:
2026-02-05 20:22:33,589 - __main__ - INFO -   1. site_no
2026-02-05 20:22:33,589 - __main__ - INFO -   2. discharge_log
2026-02-05 20:22:33,589 - __main__ - INFO -   3. discharge_rolling_mean_7d
2026-02-05 20:22:33,589 - __main__ - INFO -   4. discharge_rolling_std_7d
2026-02-05 20:22:33,589 - __main__ - INFO -   5. discharge_rolling_max_7d
2026-02-05 20:22:33,589 - __main__ - INFO -   6. discharge_rolling_min_7d
2026-02-05 20:22:33,589 - __main__ - INFO -   7. discharge_rolling_mean_14d
2026-02-05 20:22:33,589 - __main__ - INFO -   8. discharge_rolling_std_14d
2026-02-05 20:22:33,598 - __main__ - INFO -   9. discharge_rolling_max_14d
2026-02-05 20:22:33,598 - __main__ - INFO -   10. discharge_rolling_min_14d
2026-02-05 20:22:33,598 - __main__ - INFO -   ... and 36 more
2026-02-05 20:22:33,614 - __main__ - INFO - Train set: 3,848 samples (0.089 positive rate)
2026-02-05 20:22:33,614 - __main__ - INFO - Test set: 963 samples (0.063 positive rate)
2026-02-05 20:22:33,650 - __main__ - INFO - Training RandomForestClassifier...
2026-02-05 20:22:34,668 - __main__ - INFO - 
============================================================
2026-02-05 20:22:34,668 - __main__ - INFO - TEST SET PERFORMANCE
2026-02-05 20:22:34,668 - __main__ - INFO - ============================================================
2026-02-05 20:22:34,684 - __main__ - INFO - Accuracy:  0.9709
2026-02-05 20:22:34,684 - __main__ - INFO - Precision: 0.8367
2026-02-05 20:22:34,684 - __main__ - INFO - Recall:    0.6721
2026-02-05 20:22:34,684 - __main__ - INFO - F1 Score:  0.7455
2026-02-05 20:22:34,684 - __main__ - INFO - ROC AUC:   0.9482
2026-02-05 20:22:34,684 - __main__ - INFO - 
Classification Report:
2026-02-05 20:22:34,708 - __main__ - INFO -               precision    recall  f1-score   support

    No Flood       0.98      0.99      0.98       902
 Flood Event       0.84      0.67      0.75        61

    accuracy                           0.97       963
   macro avg       0.91      0.83      0.87       963
weighted avg       0.97      0.97      0.97       963

2026-02-05 20:22:34,946 - __main__ - INFO - 
============================================================
2026-02-05 20:22:34,947 - __main__ - INFO - TRAINING COMPLETE!
2026-02-05 20:22:34,947 - __main__ - INFO - ============================================================
2026-02-05 20:22:34,961 - __main__ - INFO - 
============================================================
2026-02-05 20:22:34,962 - __main__ - INFO - TRAINING COMPLETE: 4/5 sites
2026-02-05 20:22:34,963 - __main__ - INFO - ============================================================
2026-02-11 13:18:41,530 - __main__ - INFO - Training flood models for 5 sites...
2026-02-11 13:18:41,547 - __main__ - INFO - 
============================================================
2026-02-11 13:18:41,549 - __main__ - INFO - Training model for site 07374000: Mississippi River at Baton Rouge, LA
2026-02-11 13:18:41,550 - __main__ - INFO - ============================================================
2026-02-11 13:18:41,578 - __main__ - INFO - ============================================================
2026-02-11 13:18:41,581 - __main__ - INFO - FLOOD MODEL TRAINING - Site 07374000
2026-02-11 13:18:41,583 - __main__ - INFO - ============================================================
2026-02-11 13:18:41,585 - __main__ - INFO - Project root: C:\Users\woodn\OneDrive\Desktop\MAPOU_LAB_CAPSTONE\earthquake-flood-alert
2026-02-11 13:18:41,588 - __main__ - INFO - Loading data from C:\Users\woodn\OneDrive\Desktop\MAPOU_LAB_CAPSTONE\earthquake-flood-alert\data\processed\flood_features_07374000.csv
2026-02-11 13:18:41,824 - __main__ - INFO - Loaded 4,998 records for site 07374000
2026-02-11 13:18:41,839 - __main__ - INFO - Using 49 NUMERIC features:
2026-02-11 13:18:41,839 - __main__ - INFO -   1. site_no
2026-02-11 13:18:41,841 - __main__ - INFO -   2. 00065_Maximum
2026-02-11 13:18:41,843 - __main__ - INFO -   3. 00065_Minimum
2026-02-11 13:18:41,843 - __main__ - INFO -   4. 00065_Mean
2026-02-11 13:18:41,847 - __main__ - INFO -   5. discharge_log
2026-02-11 13:18:41,852 - __main__ - INFO -   6. discharge_rolling_mean_7d
2026-02-11 13:18:41,854 - __main__ - INFO -   7. discharge_rolling_std_7d
2026-02-11 13:18:41,855 - __main__ - INFO -   8. discharge_rolling_max_7d
2026-02-11 13:18:41,861 - __main__ - INFO -   9. discharge_rolling_min_7d
2026-02-11 13:18:41,863 - __main__ - INFO -   10. discharge_rolling_mean_14d
2026-02-11 13:18:41,865 - __main__ - INFO -   ... and 39 more
2026-02-11 13:18:41,900 - __main__ - INFO - Train set: 3,498 samples (0.063 positive rate)
2026-02-11 13:18:41,903 - __main__ - INFO - Test set: 1,500 samples (0.044 positive rate)
2026-02-11 13:18:41,960 - __main__ - INFO - Training RandomForestClassifier...
2026-02-11 13:18:42,802 - __main__ - INFO - 
============================================================
2026-02-11 13:18:42,802 - __main__ - INFO - TEST SET PERFORMANCE
2026-02-11 13:18:42,802 - __main__ - INFO - ============================================================
2026-02-11 13:18:42,802 - __main__ - INFO - Accuracy:  0.9840
2026-02-11 13:18:42,802 - __main__ - INFO - Precision: 0.7763
2026-02-11 13:18:42,802 - __main__ - INFO - Recall:    0.8939
2026-02-11 13:18:42,802 - __main__ - INFO - F1 Score:  0.8310
2026-02-11 13:18:42,802 - __main__ - INFO - ROC AUC:   0.9977
2026-02-11 13:18:42,802 - __main__ - INFO - 
Classification Report:
2026-02-11 13:18:42,850 - __main__ - INFO -               precision    recall  f1-score   support

    No Flood       1.00      0.99      0.99      1434
 Flood Event       0.78      0.89      0.83        66

    accuracy                           0.98      1500
   macro avg       0.89      0.94      0.91      1500
weighted avg       0.99      0.98      0.98      1500

2026-02-11 13:18:43,152 - __main__ - INFO - 
============================================================
2026-02-11 13:18:43,156 - __main__ - INFO - TRAINING COMPLETE!
2026-02-11 13:18:43,159 - __main__ - INFO - ============================================================
2026-02-11 13:18:43,191 - __main__ - INFO - 
============================================================
2026-02-11 13:18:43,192 - __main__ - INFO - Training model for site 01646500: Potomac River at Little Falls, MD
2026-02-11 13:18:43,192 - __main__ - INFO - ============================================================
2026-02-11 13:18:43,225 - __main__ - INFO - ============================================================
2026-02-11 13:18:43,230 - __main__ - INFO - FLOOD MODEL TRAINING - Site 01646500
2026-02-11 13:18:43,231 - __main__ - INFO - ============================================================
2026-02-11 13:18:43,234 - __main__ - INFO - Project root: C:\Users\woodn\OneDrive\Desktop\MAPOU_LAB_CAPSTONE\earthquake-flood-alert
2026-02-11 13:18:43,236 - __main__ - INFO - Loading data from C:\Users\woodn\OneDrive\Desktop\MAPOU_LAB_CAPSTONE\earthquake-flood-alert\data\processed\flood_features_01646500.csv
2026-02-11 13:18:43,481 - __main__ - INFO - Loaded 5,084 records for site 01646500
2026-02-11 13:18:43,481 - __main__ - INFO - Using 46 NUMERIC features:
2026-02-11 13:18:43,481 - __main__ - INFO -   1. site_no
2026-02-11 13:18:43,481 - __main__ - INFO -   2. discharge_log
2026-02-11 13:18:43,481 - __main__ - INFO -   3. discharge_rolling_mean_7d
2026-02-11 13:18:43,481 - __main__ - INFO -   4. discharge_rolling_std_7d
2026-02-11 13:18:43,481 - __main__ - INFO -   5. discharge_rolling_max_7d
2026-02-11 13:18:43,481 - __main__ - INFO -   6. discharge_rolling_min_7d
2026-02-11 13:18:43,481 - __main__ - INFO -   7. discharge_rolling_mean_14d
2026-02-11 13:18:43,488 - __main__ - INFO -   8. discharge_rolling_std_14d
2026-02-11 13:18:43,488 - __main__ - INFO -   9. discharge_rolling_max_14d
2026-02-11 13:18:43,490 - __main__ - INFO -   10. discharge_rolling_min_14d
2026-02-11 13:18:43,491 - __main__ - INFO -   ... and 36 more
2026-02-11 13:18:43,502 - __main__ - INFO - Train set: 3,558 samples (0.155 positive rate)
2026-02-11 13:18:43,511 - __main__ - INFO - Test set: 1,526 samples (0.062 positive rate)
2026-02-11 13:18:43,535 - __main__ - INFO - Training RandomForestClassifier...
2026-02-11 13:18:46,371 - __main__ - INFO - 
============================================================
2026-02-11 13:18:46,384 - __main__ - INFO - TEST SET PERFORMANCE
2026-02-11 13:18:46,402 - __main__ - INFO - ============================================================
2026-02-11 13:18:46,436 - __main__ - INFO - Accuracy:  0.9482
2026-02-11 13:18:46,468 - __main__ - INFO - Precision: 0.6027
2026-02-11 13:18:46,485 - __main__ - INFO - Recall:    0.4681
2026-02-11 13:18:46,487 - __main__ - INFO - F1 Score:  0.5269
2026-02-11 13:18:46,487 - __main__ - INFO - ROC AUC:   0.8238
2026-02-11 13:18:46,489 - __main__ - INFO - 
Classification Report:
2026-02-11 13:18:46,565 - __main__ - INFO -               precision    recall  f1-score   support

    No Flood       0.97      0.98      0.97      1432
 Flood Event       0.60      0.47      0.53        94

    accuracy                           0.95      1526
   macro avg       0.78      0.72      0.75      1526
weighted avg       0.94      0.95      0.95      1526

2026-02-11 13:18:48,879 - __main__ - INFO - 
============================================================
2026-02-11 13:18:48,885 - __main__ - INFO - TRAINING COMPLETE!
2026-02-11 13:18:48,900 - __main__ - INFO - ============================================================
2026-02-11 13:18:49,391 - __main__ - INFO - 
============================================================
2026-02-11 13:18:49,451 - __main__ - INFO - Training model for site 14211720: Willamette River at Portland, OR
2026-02-11 13:18:49,491 - __main__ - INFO - ============================================================
2026-02-11 13:18:49,592 - __main__ - INFO - ============================================================
2026-02-11 13:18:49,635 - __main__ - INFO - FLOOD MODEL TRAINING - Site 14211720
2026-02-11 13:18:49,683 - __main__ - INFO - ============================================================
2026-02-11 13:18:49,727 - __main__ - INFO - Project root: C:\Users\woodn\OneDrive\Desktop\MAPOU_LAB_CAPSTONE\earthquake-flood-alert
2026-02-11 13:18:49,761 - __main__ - INFO - Loading data from C:\Users\woodn\OneDrive\Desktop\MAPOU_LAB_CAPSTONE\earthquake-flood-alert\data\processed\flood_features_14211720.csv
2026-02-11 13:18:50,319 - __main__ - INFO - Loaded 5,084 records for site 14211720
2026-02-11 13:18:50,335 - __main__ - INFO - Using 46 NUMERIC features:
2026-02-11 13:18:50,369 - __main__ - INFO -   1. site_no
2026-02-11 13:18:50,402 - __main__ - INFO -   2. discharge_log
2026-02-11 13:18:50,447 - __main__ - INFO -   3. discharge_rolling_mean_7d
2026-02-11 13:18:50,479 - __main__ - INFO -   4. discharge_rolling_std_7d
2026-02-11 13:18:50,494 - __main__ - INFO -   5. discharge_rolling_max_7d
2026-02-11 13:18:50,508 - __main__ - INFO -   6. discharge_rolling_min_7d
2026-02-11 13:18:50,518 - __main__ - INFO -   7. discharge_rolling_mean_14d
2026-02-11 13:18:50,532 - __main__ - INFO -   8. discharge_rolling_std_14d
2026-02-11 13:18:50,546 - __main__ - INFO -   9. discharge_rolling_max_14d
2026-02-11 13:18:50,549 - __main__ - INFO -   10. discharge_rolling_min_14d
2026-02-11 13:18:50,565 - __main__ - INFO -   ... and 36 more
2026-02-11 13:18:50,637 - __main__ - INFO - Train set: 3,558 samples (0.100 positive rate)
2026-02-11 13:18:50,649 - __main__ - INFO - Test set: 1,526 samples (0.074 positive rate)
2026-02-11 13:18:50,746 - __main__ - INFO - Training RandomForestClassifier...
2026-02-11 13:18:52,080 - __main__ - INFO - 
============================================================
2026-02-11 13:18:52,080 - __main__ - INFO - TEST SET PERFORMANCE
2026-02-11 13:18:52,082 - __main__ - INFO - ============================================================
2026-02-11 13:18:52,082 - __main__ - INFO - Accuracy:  0.9561
2026-02-11 13:18:52,083 - __main__ - INFO - Precision: 0.7614
2026-02-11 13:18:52,083 - __main__ - INFO - Recall:    0.5929
2026-02-11 13:18:52,084 - __main__ - INFO - F1 Score:  0.6667
2026-02-11 13:18:52,084 - __main__ - INFO - ROC AUC:   0.9537
2026-02-11 13:18:52,085 - __main__ - INFO - 
Classification Report:
2026-02-11 13:18:52,123 - __main__ - INFO -               precision    recall  f1-score   support

    No Flood       0.97      0.99      0.98      1413
 Flood Event       0.76      0.59      0.67       113

    accuracy                           0.96      1526
   macro avg       0.86      0.79      0.82      1526
weighted avg       0.95      0.96      0.95      1526

2026-02-11 13:18:52,364 - __main__ - INFO - 
============================================================
2026-02-11 13:18:52,366 - __main__ - INFO - TRAINING COMPLETE!
2026-02-11 13:18:52,368 - __main__ - INFO - ============================================================
2026-02-11 13:18:52,382 - __main__ - INFO - 
============================================================
2026-02-11 13:18:52,383 - __main__ - INFO - Training model for site 08067000: Neches River at Evadale, TX
2026-02-11 13:18:52,383 - __main__ - INFO - ============================================================
2026-02-11 13:18:52,427 - __main__ - INFO - ============================================================
2026-02-11 13:18:52,427 - __main__ - INFO - FLOOD MODEL TRAINING - Site 08067000
2026-02-11 13:18:52,430 - __main__ - INFO - ============================================================
2026-02-11 13:18:52,432 - __main__ - INFO - Project root: C:\Users\woodn\OneDrive\Desktop\MAPOU_LAB_CAPSTONE\earthquake-flood-alert
2026-02-11 13:18:52,437 - __main__ - INFO - Loading data from C:\Users\woodn\OneDrive\Desktop\MAPOU_LAB_CAPSTONE\earthquake-flood-alert\data\processed\flood_features_08067000.csv
2026-02-11 13:18:52,669 - __main__ - INFO - Loaded 2,760 records for site 08067000
2026-02-11 13:18:52,673 - __main__ - INFO - Using 47 NUMERIC features:
2026-02-11 13:18:52,673 - __main__ - INFO -   1. site_no
2026-02-11 13:18:52,673 - __main__ - INFO -   2. 00065_Mean
2026-02-11 13:18:52,675 - __main__ - INFO -   3. discharge_log
2026-02-11 13:18:52,675 - __main__ - INFO -   4. discharge_rolling_mean_7d
2026-02-11 13:18:52,675 - __main__ - INFO -   5. discharge_rolling_std_7d
2026-02-11 13:18:52,675 - __main__ - INFO -   6. discharge_rolling_max_7d
2026-02-11 13:18:52,679 - __main__ - INFO -   7. discharge_rolling_min_7d
2026-02-11 13:18:52,680 - __main__ - INFO -   8. discharge_rolling_mean_14d
2026-02-11 13:18:52,681 - __main__ - INFO -   9. discharge_rolling_std_14d
2026-02-11 13:18:52,682 - __main__ - INFO -   10. discharge_rolling_max_14d
2026-02-11 13:18:52,695 - __main__ - INFO -   ... and 37 more
2026-02-11 13:18:52,714 - __main__ - INFO - Train set: 1,931 samples (0.179 positive rate)
2026-02-11 13:18:52,714 - __main__ - INFO - Test set: 829 samples (0.000 positive rate)
2026-02-11 13:18:52,747 - __main__ - INFO - Training RandomForestClassifier...
2026-02-11 13:18:53,859 - __main__ - INFO - 
============================================================
2026-02-11 13:18:53,859 - __main__ - INFO - TEST SET PERFORMANCE
2026-02-11 13:18:53,859 - __main__ - INFO - ============================================================
2026-02-11 13:18:53,859 - __main__ - INFO - Accuracy:  1.0000
2026-02-11 13:18:53,862 - __main__ - INFO - Precision: 0.0000
2026-02-11 13:18:53,862 - __main__ - INFO - Recall:    0.0000
2026-02-11 13:18:53,862 - __main__ - INFO - F1 Score:  0.0000
2026-02-11 13:18:53,862 - __main__ - INFO - ROC AUC:   nan
2026-02-11 13:18:53,862 - __main__ - INFO - 
Classification Report:
2026-02-11 13:18:53,981 - __main__ - ERROR - Traceback (most recent call last):
  File "c:\Users\woodn\OneDrive\Desktop\MAPOU_LAB_CAPSTONE\earthquake-flood-alert\src\predictors\flood_predictor.py", line 377, in train_all_flood_sites
    predictor = train_flood_model(site_id=site_id, model_type='RandomForest')
                ^^^^^^^^^^^^^^^^^^^^^^^^^^^^^^^^^^^^^^^^^^^^^^^^^^^^^^^^^^^^^
  File "c:\Users\woodn\OneDrive\Desktop\MAPOU_LAB_CAPSTONE\earthquake-flood-alert\src\predictors\flood_predictor.py", line 298, in train_flood_model
    logger.info(classification_report(y_test, y_pred,
               ^^^^^^^^^^^^^^^^^^^^^^^^^^^^^^^^^^^^^
  File "C:\Users\woodn\AppData\Local\Programs\Python\Python312\Lib\site-packages\sklearn\utils\_param_validation.py", line 218, in wrapper
    return func(*args, **kwargs)
           ^^^^^^^^^^^^^^^^^^^^^
  File "C:\Users\woodn\AppData\Local\Programs\Python\Python312\Lib\site-packages\sklearn\metrics\_classification.py", line 3097, in classification_report
    raise ValueError(
ValueError: Number of classes, 1, does not match size of target_names, 2. Try specifying the labels parameter

2026-02-11 13:18:53,987 - __main__ - INFO - 
============================================================
2026-02-11 13:18:53,989 - __main__ - INFO - Training model for site 03374100: White River at Hazleton, IN
2026-02-11 13:18:53,992 - __main__ - INFO - ============================================================
2026-02-11 13:18:54,023 - __main__ - INFO - ============================================================
2026-02-11 13:18:54,028 - __main__ - INFO - FLOOD MODEL TRAINING - Site 03374100
2026-02-11 13:18:54,028 - __main__ - INFO - ============================================================
2026-02-11 13:18:54,028 - __main__ - INFO - Project root: C:\Users\woodn\OneDrive\Desktop\MAPOU_LAB_CAPSTONE\earthquake-flood-alert
2026-02-11 13:18:54,030 - __main__ - INFO - Loading data from C:\Users\woodn\OneDrive\Desktop\MAPOU_LAB_CAPSTONE\earthquake-flood-alert\data\processed\flood_features_03374100.csv
2026-02-11 13:18:54,366 - __main__ - INFO - Loaded 4,811 records for site 03374100
2026-02-11 13:18:54,370 - __main__ - INFO - Using 46 NUMERIC features:
2026-02-11 13:18:54,370 - __main__ - INFO -   1. site_no
2026-02-11 13:18:54,370 - __main__ - INFO -   2. discharge_log
2026-02-11 13:18:54,372 - __main__ - INFO -   3. discharge_rolling_mean_7d
2026-02-11 13:18:54,372 - __main__ - INFO -   4. discharge_rolling_std_7d
2026-02-11 13:18:54,375 - __main__ - INFO -   5. discharge_rolling_max_7d
2026-02-11 13:18:54,377 - __main__ - INFO -   6. discharge_rolling_min_7d
2026-02-11 13:18:54,377 - __main__ - INFO -   7. discharge_rolling_mean_14d
2026-02-11 13:18:54,382 - __main__ - INFO -   8. discharge_rolling_std_14d
2026-02-11 13:18:54,383 - __main__ - INFO -   9. discharge_rolling_max_14d
2026-02-11 13:18:54,389 - __main__ - INFO -   10. discharge_rolling_min_14d
2026-02-11 13:18:54,396 - __main__ - INFO -   ... and 36 more
2026-02-11 13:18:54,423 - __main__ - INFO - Train set: 3,367 samples (0.090 positive rate)
2026-02-11 13:18:54,427 - __main__ - INFO - Test set: 1,444 samples (0.069 positive rate)
2026-02-11 13:18:54,480 - __main__ - INFO - Training RandomForestClassifier...
2026-02-11 13:18:55,828 - __main__ - INFO - 
============================================================
2026-02-11 13:18:55,828 - __main__ - INFO - TEST SET PERFORMANCE
2026-02-11 13:18:55,830 - __main__ - INFO - ============================================================
2026-02-11 13:18:55,830 - __main__ - INFO - Accuracy:  0.9737
2026-02-11 13:18:55,830 - __main__ - INFO - Precision: 0.8974
2026-02-11 13:18:55,830 - __main__ - INFO - Recall:    0.7000
2026-02-11 13:18:55,832 - __main__ - INFO - F1 Score:  0.7865
2026-02-11 13:18:55,832 - __main__ - INFO - ROC AUC:   0.9597
2026-02-11 13:18:55,832 - __main__ - INFO - 
Classification Report:
2026-02-11 13:18:55,879 - __main__ - INFO -               precision    recall  f1-score   support

    No Flood       0.98      0.99      0.99      1344
 Flood Event       0.90      0.70      0.79       100

    accuracy                           0.97      1444
   macro avg       0.94      0.85      0.89      1444
weighted avg       0.97      0.97      0.97      1444

2026-02-11 13:18:56,176 - __main__ - INFO - 
============================================================
2026-02-11 13:18:56,177 - __main__ - INFO - TRAINING COMPLETE!
2026-02-11 13:18:56,183 - __main__ - INFO - ============================================================
2026-02-11 13:18:56,218 - __main__ - INFO - 
============================================================
2026-02-11 13:18:56,223 - __main__ - INFO - TRAINING COMPLETE: 4/5 sites
2026-02-11 13:18:56,224 - __main__ - INFO - ============================================================
2026-02-11 13:23:36,087 - __main__ - INFO - Training flood models for 5 sites...
2026-02-11 13:23:36,087 - __main__ - INFO - 
============================================================
2026-02-11 13:23:36,087 - __main__ - INFO - Training model for site 07374000: Mississippi River at Baton Rouge, LA
2026-02-11 13:23:36,103 - __main__ - INFO - ============================================================
2026-02-11 13:23:36,132 - __main__ - INFO - ============================================================
2026-02-11 13:23:36,133 - __main__ - INFO - FLOOD MODEL TRAINING - Site 07374000
2026-02-11 13:23:36,134 - __main__ - INFO - ============================================================
2026-02-11 13:23:36,134 - __main__ - INFO - Project root: C:\Users\woodn\OneDrive\Desktop\MAPOU_LAB_CAPSTONE\earthquake-flood-alert
2026-02-11 13:23:36,134 - __main__ - INFO - Loading data from C:\Users\woodn\OneDrive\Desktop\MAPOU_LAB_CAPSTONE\earthquake-flood-alert\data\processed\flood_features_07374000.csv
2026-02-11 13:23:36,607 - __main__ - INFO - Loaded 4,998 records for site 07374000
2026-02-11 13:23:36,607 - __main__ - INFO - Using 49 NUMERIC features:
2026-02-11 13:23:36,607 - __main__ - INFO -   1. site_no
2026-02-11 13:23:36,607 - __main__ - INFO -   2. 00065_Maximum
2026-02-11 13:23:36,607 - __main__ - INFO -   3. 00065_Minimum
2026-02-11 13:23:36,607 - __main__ - INFO -   4. 00065_Mean
2026-02-11 13:23:36,607 - __main__ - INFO -   5. discharge_log
2026-02-11 13:23:36,607 - __main__ - INFO -   6. discharge_rolling_mean_7d
2026-02-11 13:23:36,607 - __main__ - INFO -   7. discharge_rolling_std_7d
2026-02-11 13:23:36,607 - __main__ - INFO -   8. discharge_rolling_max_7d
2026-02-11 13:23:36,607 - __main__ - INFO -   9. discharge_rolling_min_7d
2026-02-11 13:23:36,607 - __main__ - INFO -   10. discharge_rolling_mean_14d
2026-02-11 13:23:36,607 - __main__ - INFO -   ... and 39 more
2026-02-11 13:23:36,636 - __main__ - INFO - Train set: 3,498 samples (0.063 positive rate)
2026-02-11 13:23:36,640 - __main__ - INFO - Test set: 1,500 samples (0.044 positive rate)
2026-02-11 13:23:36,673 - __main__ - INFO - Training RandomForestClassifier...
2026-02-11 13:23:37,457 - __main__ - INFO - 
============================================================
2026-02-11 13:23:37,459 - __main__ - INFO - TEST SET PERFORMANCE
2026-02-11 13:23:37,459 - __main__ - INFO - ============================================================
2026-02-11 13:23:37,459 - __main__ - INFO - Accuracy:  0.9840
2026-02-11 13:23:37,459 - __main__ - INFO - Precision: 0.7763
2026-02-11 13:23:37,462 - __main__ - INFO - Recall:    0.8939
2026-02-11 13:23:37,462 - __main__ - INFO - F1 Score:  0.8310
2026-02-11 13:23:37,462 - __main__ - INFO - ROC AUC:   0.9977
2026-02-11 13:23:37,462 - __main__ - INFO - 
Classification Report:
2026-02-11 13:23:37,497 - __main__ - INFO -               precision    recall  f1-score   support

    No Flood       1.00      0.99      0.99      1434
 Flood Event       0.78      0.89      0.83        66

    accuracy                           0.98      1500
   macro avg       0.89      0.94      0.91      1500
weighted avg       0.99      0.98      0.98      1500

2026-02-11 13:23:37,746 - __main__ - INFO - 
============================================================
2026-02-11 13:23:37,753 - __main__ - INFO - TRAINING COMPLETE!
2026-02-11 13:23:37,757 - __main__ - INFO - ============================================================
2026-02-11 13:23:37,802 - __main__ - INFO - 
============================================================
2026-02-11 13:23:37,807 - __main__ - INFO - Training model for site 01646500: Potomac River at Little Falls, MD
2026-02-11 13:23:37,809 - __main__ - INFO - ============================================================
2026-02-11 13:23:37,842 - __main__ - INFO - ============================================================
2026-02-11 13:23:37,842 - __main__ - INFO - FLOOD MODEL TRAINING - Site 01646500
2026-02-11 13:23:37,844 - __main__ - INFO - ============================================================
2026-02-11 13:23:37,846 - __main__ - INFO - Project root: C:\Users\woodn\OneDrive\Desktop\MAPOU_LAB_CAPSTONE\earthquake-flood-alert
2026-02-11 13:23:37,846 - __main__ - INFO - Loading data from C:\Users\woodn\OneDrive\Desktop\MAPOU_LAB_CAPSTONE\earthquake-flood-alert\data\processed\flood_features_01646500.csv
2026-02-11 13:23:38,087 - __main__ - INFO - Loaded 5,084 records for site 01646500
2026-02-11 13:23:38,087 - __main__ - INFO - Using 46 NUMERIC features:
2026-02-11 13:23:38,087 - __main__ - INFO -   1. site_no
2026-02-11 13:23:38,087 - __main__ - INFO -   2. discharge_log
2026-02-11 13:23:38,087 - __main__ - INFO -   3. discharge_rolling_mean_7d
2026-02-11 13:23:38,087 - __main__ - INFO -   4. discharge_rolling_std_7d
2026-02-11 13:23:38,087 - __main__ - INFO -   5. discharge_rolling_max_7d
2026-02-11 13:23:38,087 - __main__ - INFO -   6. discharge_rolling_min_7d
2026-02-11 13:23:38,087 - __main__ - INFO -   7. discharge_rolling_mean_14d
2026-02-11 13:23:38,087 - __main__ - INFO -   8. discharge_rolling_std_14d
2026-02-11 13:23:38,087 - __main__ - INFO -   9. discharge_rolling_max_14d
2026-02-11 13:23:38,087 - __main__ - INFO -   10. discharge_rolling_min_14d
2026-02-11 13:23:38,087 - __main__ - INFO -   ... and 36 more
2026-02-11 13:23:38,120 - __main__ - INFO - Train set: 3,558 samples (0.155 positive rate)
2026-02-11 13:23:38,122 - __main__ - INFO - Test set: 1,526 samples (0.062 positive rate)
2026-02-11 13:23:38,152 - __main__ - INFO - Training RandomForestClassifier...
2026-02-11 13:23:39,678 - __main__ - INFO - 
============================================================
2026-02-11 13:23:39,680 - __main__ - INFO - TEST SET PERFORMANCE
2026-02-11 13:23:39,682 - __main__ - INFO - ============================================================
2026-02-11 13:23:39,684 - __main__ - INFO - Accuracy:  0.9482
2026-02-11 13:23:39,698 - __main__ - INFO - Precision: 0.6027
2026-02-11 13:23:39,714 - __main__ - INFO - Recall:    0.4681
2026-02-11 13:23:39,739 - __main__ - INFO - F1 Score:  0.5269
2026-02-11 13:23:39,767 - __main__ - INFO - ROC AUC:   0.8238
2026-02-11 13:23:39,781 - __main__ - INFO - 
Classification Report:
2026-02-11 13:23:39,893 - __main__ - INFO -               precision    recall  f1-score   support

    No Flood       0.97      0.98      0.97      1432
 Flood Event       0.60      0.47      0.53        94

    accuracy                           0.95      1526
   macro avg       0.78      0.72      0.75      1526
weighted avg       0.94      0.95      0.95      1526

2026-02-11 13:23:42,115 - __main__ - INFO - 
============================================================
2026-02-11 13:23:42,144 - __main__ - INFO - TRAINING COMPLETE!
2026-02-11 13:23:42,208 - __main__ - INFO - ============================================================
2026-02-11 13:23:42,478 - __main__ - INFO - 
============================================================
2026-02-11 13:23:42,505 - __main__ - INFO - Training model for site 14211720: Willamette River at Portland, OR
2026-02-11 13:23:42,544 - __main__ - INFO - ============================================================
2026-02-11 13:23:42,642 - __main__ - INFO - ============================================================
2026-02-11 13:23:42,661 - __main__ - INFO - FLOOD MODEL TRAINING - Site 14211720
2026-02-11 13:23:42,681 - __main__ - INFO - ============================================================
2026-02-11 13:23:42,696 - __main__ - INFO - Project root: C:\Users\woodn\OneDrive\Desktop\MAPOU_LAB_CAPSTONE\earthquake-flood-alert
2026-02-11 13:23:42,752 - __main__ - INFO - Loading data from C:\Users\woodn\OneDrive\Desktop\MAPOU_LAB_CAPSTONE\earthquake-flood-alert\data\processed\flood_features_14211720.csv
2026-02-11 13:23:43,235 - __main__ - INFO - Loaded 5,084 records for site 14211720
2026-02-11 13:23:43,245 - __main__ - INFO - Using 46 NUMERIC features:
2026-02-11 13:23:43,261 - __main__ - INFO -   1. site_no
2026-02-11 13:23:43,275 - __main__ - INFO -   2. discharge_log
2026-02-11 13:23:43,307 - __main__ - INFO -   3. discharge_rolling_mean_7d
2026-02-11 13:23:43,316 - __main__ - INFO -   4. discharge_rolling_std_7d
2026-02-11 13:23:43,329 - __main__ - INFO -   5. discharge_rolling_max_7d
2026-02-11 13:23:43,346 - __main__ - INFO -   6. discharge_rolling_min_7d
2026-02-11 13:23:43,376 - __main__ - INFO -   7. discharge_rolling_mean_14d
2026-02-11 13:23:43,392 - __main__ - INFO -   8. discharge_rolling_std_14d
2026-02-11 13:23:43,414 - __main__ - INFO -   9. discharge_rolling_max_14d
2026-02-11 13:23:43,455 - __main__ - INFO -   10. discharge_rolling_min_14d
2026-02-11 13:23:43,480 - __main__ - INFO -   ... and 36 more
2026-02-11 13:23:43,542 - __main__ - INFO - Train set: 3,558 samples (0.100 positive rate)
2026-02-11 13:23:43,561 - __main__ - INFO - Test set: 1,526 samples (0.074 positive rate)
2026-02-11 13:23:43,663 - __main__ - INFO - Training RandomForestClassifier...
2026-02-11 13:23:44,962 - __main__ - INFO - 
============================================================
2026-02-11 13:23:44,962 - __main__ - INFO - TEST SET PERFORMANCE
2026-02-11 13:23:44,962 - __main__ - INFO - ============================================================
2026-02-11 13:23:44,962 - __main__ - INFO - Accuracy:  0.9561
2026-02-11 13:23:44,962 - __main__ - INFO - Precision: 0.7614
2026-02-11 13:23:44,962 - __main__ - INFO - Recall:    0.5929
2026-02-11 13:23:44,962 - __main__ - INFO - F1 Score:  0.6667
2026-02-11 13:23:44,962 - __main__ - INFO - ROC AUC:   0.9537
2026-02-11 13:23:44,962 - __main__ - INFO - 
Classification Report:
2026-02-11 13:23:45,000 - __main__ - INFO -               precision    recall  f1-score   support

    No Flood       0.97      0.99      0.98      1413
 Flood Event       0.76      0.59      0.67       113

    accuracy                           0.96      1526
   macro avg       0.86      0.79      0.82      1526
weighted avg       0.95      0.96      0.95      1526

2026-02-11 13:23:45,492 - __main__ - INFO - 
============================================================
2026-02-11 13:23:45,495 - __main__ - INFO - TRAINING COMPLETE!
2026-02-11 13:23:45,497 - __main__ - INFO - ============================================================
2026-02-11 13:23:45,574 - __main__ - INFO - 
============================================================
2026-02-11 13:23:45,575 - __main__ - INFO - Training model for site 08067000: Neches River at Evadale, TX
2026-02-11 13:23:45,576 - __main__ - INFO - ============================================================
2026-02-11 13:23:45,621 - __main__ - INFO - ============================================================
2026-02-11 13:23:45,623 - __main__ - INFO - FLOOD MODEL TRAINING - Site 08067000
2026-02-11 13:23:45,623 - __main__ - INFO - ============================================================
2026-02-11 13:23:45,625 - __main__ - INFO - Project root: C:\Users\woodn\OneDrive\Desktop\MAPOU_LAB_CAPSTONE\earthquake-flood-alert
2026-02-11 13:23:45,627 - __main__ - INFO - Loading data from C:\Users\woodn\OneDrive\Desktop\MAPOU_LAB_CAPSTONE\earthquake-flood-alert\data\processed\flood_features_08067000.csv
2026-02-11 13:23:45,795 - __main__ - INFO - Loaded 2,760 records for site 08067000
2026-02-11 13:23:45,811 - __main__ - INFO - Using 47 NUMERIC features:
2026-02-11 13:23:45,811 - __main__ - INFO -   1. site_no
2026-02-11 13:23:45,811 - __main__ - INFO -   2. 00065_Mean
2026-02-11 13:23:45,811 - __main__ - INFO -   3. discharge_log
2026-02-11 13:23:45,811 - __main__ - INFO -   4. discharge_rolling_mean_7d
2026-02-11 13:23:45,811 - __main__ - INFO -   5. discharge_rolling_std_7d
2026-02-11 13:23:45,815 - __main__ - INFO -   6. discharge_rolling_max_7d
2026-02-11 13:23:45,815 - __main__ - INFO -   7. discharge_rolling_min_7d
2026-02-11 13:23:45,818 - __main__ - INFO -   8. discharge_rolling_mean_14d
2026-02-11 13:23:45,819 - __main__ - INFO -   9. discharge_rolling_std_14d
2026-02-11 13:23:45,819 - __main__ - INFO -   10. discharge_rolling_max_14d
2026-02-11 13:23:45,821 - __main__ - INFO -   ... and 37 more
2026-02-11 13:23:45,835 - __main__ - INFO - Train set: 1,931 samples (0.179 positive rate)
2026-02-11 13:23:45,837 - __main__ - INFO - Test set: 829 samples (0.000 positive rate)
2026-02-11 13:23:45,857 - __main__ - INFO - Training RandomForestClassifier...
2026-02-11 13:23:46,663 - __main__ - INFO - 
============================================================
2026-02-11 13:23:46,665 - __main__ - INFO - TEST SET PERFORMANCE
2026-02-11 13:23:46,665 - __main__ - INFO - ============================================================
2026-02-11 13:23:46,666 - __main__ - INFO - Accuracy:  1.0000
2026-02-11 13:23:46,666 - __main__ - INFO - Precision: 0.0000
2026-02-11 13:23:46,667 - __main__ - INFO - Recall:    0.0000
2026-02-11 13:23:46,668 - __main__ - INFO - F1 Score:  0.0000
2026-02-11 13:23:46,669 - __main__ - INFO - ROC AUC:   nan
2026-02-11 13:23:46,670 - __main__ - INFO - 
Classification Report:
2026-02-11 13:23:46,714 - __main__ - ERROR - Traceback (most recent call last):
  File "c:\Users\woodn\OneDrive\Desktop\MAPOU_LAB_CAPSTONE\earthquake-flood-alert\src\predictors\flood_predictor.py", line 377, in train_all_flood_sites
    predictor = train_flood_model(site_id=site_id, model_type='RandomForest')
                ^^^^^^^^^^^^^^^^^^^^^^^^^^^^^^^^^^^^^^^^^^^^^^^^^^^^^^^^^^^^^
  File "c:\Users\woodn\OneDrive\Desktop\MAPOU_LAB_CAPSTONE\earthquake-flood-alert\src\predictors\flood_predictor.py", line 298, in train_flood_model
    logger.info(classification_report(y_test, y_pred,
               ^^^^^^^^^^^^^^^^^^^^^^^^^^^^^^^^^^^^^
  File "C:\Users\woodn\AppData\Local\Programs\Python\Python312\Lib\site-packages\sklearn\utils\_param_validation.py", line 218, in wrapper
    return func(*args, **kwargs)
           ^^^^^^^^^^^^^^^^^^^^^
  File "C:\Users\woodn\AppData\Local\Programs\Python\Python312\Lib\site-packages\sklearn\metrics\_classification.py", line 3097, in classification_report
    raise ValueError(
ValueError: Number of classes, 1, does not match size of target_names, 2. Try specifying the labels parameter

2026-02-11 13:23:46,720 - __main__ - INFO - 
============================================================
2026-02-11 13:23:46,722 - __main__ - INFO - Training model for site 03374100: White River at Hazleton, IN
2026-02-11 13:23:46,724 - __main__ - INFO - ============================================================
2026-02-11 13:23:46,765 - __main__ - INFO - ============================================================
2026-02-11 13:23:46,768 - __main__ - INFO - FLOOD MODEL TRAINING - Site 03374100
2026-02-11 13:23:46,770 - __main__ - INFO - ============================================================
2026-02-11 13:23:46,774 - __main__ - INFO - Project root: C:\Users\woodn\OneDrive\Desktop\MAPOU_LAB_CAPSTONE\earthquake-flood-alert
2026-02-11 13:23:46,776 - __main__ - INFO - Loading data from C:\Users\woodn\OneDrive\Desktop\MAPOU_LAB_CAPSTONE\earthquake-flood-alert\data\processed\flood_features_03374100.csv
2026-02-11 13:23:47,132 - __main__ - INFO - Loaded 4,811 records for site 03374100
2026-02-11 13:23:47,139 - __main__ - INFO - Using 46 NUMERIC features:
2026-02-11 13:23:47,143 - __main__ - INFO -   1. site_no
2026-02-11 13:23:47,153 - __main__ - INFO -   2. discharge_log
2026-02-11 13:23:47,153 - __main__ - INFO -   3. discharge_rolling_mean_7d
2026-02-11 13:23:47,155 - __main__ - INFO -   4. discharge_rolling_std_7d
2026-02-11 13:23:47,157 - __main__ - INFO -   5. discharge_rolling_max_7d
2026-02-11 13:23:47,159 - __main__ - INFO -   6. discharge_rolling_min_7d
2026-02-11 13:23:47,161 - __main__ - INFO -   7. discharge_rolling_mean_14d
2026-02-11 13:23:47,171 - __main__ - INFO -   8. discharge_rolling_std_14d
2026-02-11 13:23:47,173 - __main__ - INFO -   9. discharge_rolling_max_14d
2026-02-11 13:23:47,174 - __main__ - INFO -   10. discharge_rolling_min_14d
2026-02-11 13:23:47,176 - __main__ - INFO -   ... and 36 more
2026-02-11 13:23:47,211 - __main__ - INFO - Train set: 3,367 samples (0.090 positive rate)
2026-02-11 13:23:47,218 - __main__ - INFO - Test set: 1,444 samples (0.069 positive rate)
2026-02-11 13:23:47,272 - __main__ - INFO - Training RandomForestClassifier...
2026-02-11 13:23:50,125 - __main__ - INFO - 
============================================================
2026-02-11 13:23:50,200 - __main__ - INFO - TEST SET PERFORMANCE
2026-02-11 13:23:50,250 - __main__ - INFO - ============================================================
2026-02-11 13:23:50,288 - __main__ - INFO - Accuracy:  0.9737
2026-02-11 13:23:50,316 - __main__ - INFO - Precision: 0.8974
2026-02-11 13:23:50,347 - __main__ - INFO - Recall:    0.7000
2026-02-11 13:23:50,397 - __main__ - INFO - F1 Score:  0.7865
2026-02-11 13:23:50,436 - __main__ - INFO - ROC AUC:   0.9597
2026-02-11 13:23:50,466 - __main__ - INFO - 
Classification Report:
2026-02-11 13:23:50,600 - __main__ - INFO -               precision    recall  f1-score   support

    No Flood       0.98      0.99      0.99      1344
 Flood Event       0.90      0.70      0.79       100

    accuracy                           0.97      1444
   macro avg       0.94      0.85      0.89      1444
weighted avg       0.97      0.97      0.97      1444

2026-02-11 13:23:51,619 - __main__ - INFO - 
============================================================
2026-02-11 13:23:51,620 - __main__ - INFO - TRAINING COMPLETE!
2026-02-11 13:23:51,639 - __main__ - INFO - ============================================================
2026-02-11 13:23:51,915 - __main__ - INFO - 
============================================================
2026-02-11 13:23:51,931 - __main__ - INFO - TRAINING COMPLETE: 4/5 sites
2026-02-11 13:23:51,961 - __main__ - INFO - ============================================================
2026-02-11 13:29:27,737 - __main__ - INFO - Training flood models for 4 sites...
2026-02-11 13:29:27,739 - __main__ - INFO - 
============================================================
2026-02-11 13:29:27,739 - __main__ - INFO - Training model for site 07374000: Mississippi River at Baton Rouge, LA
2026-02-11 13:29:27,741 - __main__ - INFO - ============================================================
2026-02-11 13:29:27,768 - __main__ - INFO - ============================================================
2026-02-11 13:29:27,770 - __main__ - INFO - FLOOD MODEL TRAINING - Site 07374000
2026-02-11 13:29:27,772 - __main__ - INFO - ============================================================
2026-02-11 13:29:27,772 - __main__ - INFO - Project root: C:\Users\woodn\OneDrive\Desktop\MAPOU_LAB_CAPSTONE\earthquake-flood-alert
2026-02-11 13:29:27,773 - __main__ - INFO - Loading data from C:\Users\woodn\OneDrive\Desktop\MAPOU_LAB_CAPSTONE\earthquake-flood-alert\data\processed\flood_features_07374000.csv
2026-02-11 13:29:27,992 - __main__ - INFO - Loaded 4,998 records for site 07374000
2026-02-11 13:29:27,992 - __main__ - INFO - Using 49 NUMERIC features:
2026-02-11 13:29:27,992 - __main__ - INFO -   1. site_no
2026-02-11 13:29:27,992 - __main__ - INFO -   2. 00065_Maximum
2026-02-11 13:29:27,992 - __main__ - INFO -   3. 00065_Minimum
2026-02-11 13:29:27,992 - __main__ - INFO -   4. 00065_Mean
2026-02-11 13:29:27,992 - __main__ - INFO -   5. discharge_log
2026-02-11 13:29:28,001 - __main__ - INFO -   6. discharge_rolling_mean_7d
2026-02-11 13:29:28,002 - __main__ - INFO -   7. discharge_rolling_std_7d
2026-02-11 13:29:28,005 - __main__ - INFO -   8. discharge_rolling_max_7d
2026-02-11 13:29:28,007 - __main__ - INFO -   9. discharge_rolling_min_7d
2026-02-11 13:29:28,007 - __main__ - INFO -   10. discharge_rolling_mean_14d
2026-02-11 13:29:28,009 - __main__ - INFO -   ... and 39 more
2026-02-11 13:29:28,030 - __main__ - INFO - Train set: 3,498 samples (0.063 positive rate)
2026-02-11 13:29:28,031 - __main__ - INFO - Test set: 1,500 samples (0.044 positive rate)
2026-02-11 13:29:28,063 - __main__ - INFO - Training RandomForestClassifier...
2026-02-11 13:29:29,092 - __main__ - INFO - 
============================================================
2026-02-11 13:29:29,094 - __main__ - INFO - TEST SET PERFORMANCE
2026-02-11 13:29:29,098 - __main__ - INFO - ============================================================
2026-02-11 13:29:29,103 - __main__ - INFO - Accuracy:  0.9840
2026-02-11 13:29:29,105 - __main__ - INFO - Precision: 0.7763
2026-02-11 13:29:29,107 - __main__ - INFO - Recall:    0.8939
2026-02-11 13:29:29,108 - __main__ - INFO - F1 Score:  0.8310
2026-02-11 13:29:29,109 - __main__ - INFO - ROC AUC:   0.9977
2026-02-11 13:29:29,117 - __main__ - INFO - 
Classification Report:
2026-02-11 13:29:29,202 - __main__ - INFO -               precision    recall  f1-score   support

    No Flood       1.00      0.99      0.99      1434
 Flood Event       0.78      0.89      0.83        66

    accuracy                           0.98      1500
   macro avg       0.89      0.94      0.91      1500
weighted avg       0.99      0.98      0.98      1500

2026-02-11 13:29:29,470 - __main__ - INFO - 
============================================================
2026-02-11 13:29:29,472 - __main__ - INFO - TRAINING COMPLETE!
2026-02-11 13:29:29,474 - __main__ - INFO - ============================================================
2026-02-11 13:29:29,488 - __main__ - INFO - 
============================================================
2026-02-11 13:29:29,489 - __main__ - INFO - Training model for site 01646500: Potomac River at Little Falls, MD
2026-02-11 13:29:29,489 - __main__ - INFO - ============================================================
2026-02-11 13:29:29,519 - __main__ - INFO - ============================================================
2026-02-11 13:29:29,519 - __main__ - INFO - FLOOD MODEL TRAINING - Site 01646500
2026-02-11 13:29:29,520 - __main__ - INFO - ============================================================
2026-02-11 13:29:29,520 - __main__ - INFO - Project root: C:\Users\woodn\OneDrive\Desktop\MAPOU_LAB_CAPSTONE\earthquake-flood-alert
2026-02-11 13:29:29,522 - __main__ - INFO - Loading data from C:\Users\woodn\OneDrive\Desktop\MAPOU_LAB_CAPSTONE\earthquake-flood-alert\data\processed\flood_features_01646500.csv
2026-02-11 13:29:30,087 - __main__ - INFO - Loaded 5,084 records for site 01646500
2026-02-11 13:29:30,157 - __main__ - INFO - Using 46 NUMERIC features:
2026-02-11 13:29:30,255 - __main__ - INFO -   1. site_no
2026-02-11 13:29:30,273 - __main__ - INFO -   2. discharge_log
2026-02-11 13:29:30,306 - __main__ - INFO -   3. discharge_rolling_mean_7d
2026-02-11 13:29:30,318 - __main__ - INFO -   4. discharge_rolling_std_7d
2026-02-11 13:29:30,320 - __main__ - INFO -   5. discharge_rolling_max_7d
2026-02-11 13:29:30,321 - __main__ - INFO -   6. discharge_rolling_min_7d
2026-02-11 13:29:30,324 - __main__ - INFO -   7. discharge_rolling_mean_14d
2026-02-11 13:29:30,325 - __main__ - INFO -   8. discharge_rolling_std_14d
2026-02-11 13:29:30,330 - __main__ - INFO -   9. discharge_rolling_max_14d
2026-02-11 13:29:30,333 - __main__ - INFO -   10. discharge_rolling_min_14d
2026-02-11 13:29:30,334 - __main__ - INFO -   ... and 36 more
2026-02-11 13:29:30,507 - __main__ - INFO - Train set: 3,558 samples (0.155 positive rate)
2026-02-11 13:29:30,688 - __main__ - INFO - Test set: 1,526 samples (0.062 positive rate)
2026-02-11 13:29:31,000 - __main__ - INFO - Training RandomForestClassifier...
2026-02-11 13:29:37,112 - __main__ - INFO - 
============================================================
2026-02-11 13:29:37,114 - __main__ - INFO - TEST SET PERFORMANCE
2026-02-11 13:29:37,116 - __main__ - INFO - ============================================================
2026-02-11 13:29:37,117 - __main__ - INFO - Accuracy:  0.9482
2026-02-11 13:29:37,119 - __main__ - INFO - Precision: 0.6027
2026-02-11 13:29:37,131 - __main__ - INFO - Recall:    0.4681
2026-02-11 13:29:37,134 - __main__ - INFO - F1 Score:  0.5269
2026-02-11 13:29:37,136 - __main__ - INFO - ROC AUC:   0.8238
2026-02-11 13:29:37,142 - __main__ - INFO - 
Classification Report:
2026-02-11 13:29:37,241 - __main__ - INFO -               precision    recall  f1-score   support

    No Flood       0.97      0.98      0.97      1432
 Flood Event       0.60      0.47      0.53        94

    accuracy                           0.95      1526
   macro avg       0.78      0.72      0.75      1526
weighted avg       0.94      0.95      0.95      1526

2026-02-11 13:29:37,631 - __main__ - INFO - 
============================================================
2026-02-11 13:29:37,632 - __main__ - INFO - TRAINING COMPLETE!
2026-02-11 13:29:37,633 - __main__ - INFO - ============================================================
2026-02-11 13:29:37,683 - __main__ - INFO - 
============================================================
2026-02-11 13:29:37,683 - __main__ - INFO - Training model for site 14211720: Willamette River at Portland, OR
2026-02-11 13:29:37,684 - __main__ - INFO - ============================================================
2026-02-11 13:29:37,745 - __main__ - INFO - ============================================================
2026-02-11 13:29:37,746 - __main__ - INFO - FLOOD MODEL TRAINING - Site 14211720
2026-02-11 13:29:37,746 - __main__ - INFO - ============================================================
2026-02-11 13:29:37,748 - __main__ - INFO - Project root: C:\Users\woodn\OneDrive\Desktop\MAPOU_LAB_CAPSTONE\earthquake-flood-alert
2026-02-11 13:29:37,749 - __main__ - INFO - Loading data from C:\Users\woodn\OneDrive\Desktop\MAPOU_LAB_CAPSTONE\earthquake-flood-alert\data\processed\flood_features_14211720.csv
2026-02-11 13:29:39,357 - __main__ - INFO - Loaded 5,084 records for site 14211720
2026-02-11 13:29:39,368 - __main__ - INFO - Using 46 NUMERIC features:
2026-02-11 13:29:39,369 - __main__ - INFO -   1. site_no
2026-02-11 13:29:39,372 - __main__ - INFO -   2. discharge_log
2026-02-11 13:29:39,432 - __main__ - INFO -   3. discharge_rolling_mean_7d
2026-02-11 13:29:39,433 - __main__ - INFO -   4. discharge_rolling_std_7d
2026-02-11 13:29:39,448 - __main__ - INFO -   5. discharge_rolling_max_7d
2026-02-11 13:29:39,479 - __main__ - INFO -   6. discharge_rolling_min_7d
2026-02-11 13:29:39,481 - __main__ - INFO -   7. discharge_rolling_mean_14d
2026-02-11 13:29:39,482 - __main__ - INFO -   8. discharge_rolling_std_14d
2026-02-11 13:29:39,483 - __main__ - INFO -   9. discharge_rolling_max_14d
2026-02-11 13:29:39,497 - __main__ - INFO -   10. discharge_rolling_min_14d
2026-02-11 13:29:39,498 - __main__ - INFO -   ... and 36 more
2026-02-11 13:29:39,656 - __main__ - INFO - Train set: 3,558 samples (0.100 positive rate)
2026-02-11 13:29:39,667 - __main__ - INFO - Test set: 1,526 samples (0.074 positive rate)
2026-02-11 13:29:39,862 - __main__ - INFO - Training RandomForestClassifier...
2026-02-11 13:29:56,472 - __main__ - INFO - 
============================================================
2026-02-11 13:29:56,497 - __main__ - INFO - TEST SET PERFORMANCE
2026-02-11 13:29:56,536 - __main__ - INFO - ============================================================
2026-02-11 13:29:56,597 - __main__ - INFO - Accuracy:  0.9561
2026-02-11 13:29:56,646 - __main__ - INFO - Precision: 0.7614
2026-02-11 13:29:56,681 - __main__ - INFO - Recall:    0.5929
2026-02-11 13:29:56,710 - __main__ - INFO - F1 Score:  0.6667
2026-02-11 13:29:56,744 - __main__ - INFO - ROC AUC:   0.9537
2026-02-11 13:29:56,767 - __main__ - INFO - 
Classification Report:
2026-02-11 13:29:56,911 - __main__ - INFO -               precision    recall  f1-score   support

    No Flood       0.97      0.99      0.98      1413
 Flood Event       0.76      0.59      0.67       113

    accuracy                           0.96      1526
   macro avg       0.86      0.79      0.82      1526
weighted avg       0.95      0.96      0.95      1526

2026-02-11 13:29:58,793 - __main__ - INFO - 
============================================================
2026-02-11 13:29:58,804 - __main__ - INFO - TRAINING COMPLETE!
2026-02-11 13:29:58,817 - __main__ - INFO - ============================================================
2026-02-11 13:29:58,912 - __main__ - INFO - 
============================================================
2026-02-11 13:29:58,939 - __main__ - INFO - Training model for site 03374100: White River at Hazleton, IN
2026-02-11 13:29:58,947 - __main__ - INFO - ============================================================
2026-02-11 13:29:59,074 - __main__ - INFO - ============================================================
2026-02-11 13:29:59,091 - __main__ - INFO - FLOOD MODEL TRAINING - Site 03374100
2026-02-11 13:29:59,111 - __main__ - INFO - ============================================================
2026-02-11 13:29:59,180 - __main__ - INFO - Project root: C:\Users\woodn\OneDrive\Desktop\MAPOU_LAB_CAPSTONE\earthquake-flood-alert
2026-02-11 13:29:59,235 - __main__ - INFO - Loading data from C:\Users\woodn\OneDrive\Desktop\MAPOU_LAB_CAPSTONE\earthquake-flood-alert\data\processed\flood_features_03374100.csv
2026-02-11 13:29:59,626 - __main__ - INFO - Loaded 4,811 records for site 03374100
2026-02-11 13:29:59,632 - __main__ - INFO - Using 46 NUMERIC features:
2026-02-11 13:29:59,634 - __main__ - INFO -   1. site_no
2026-02-11 13:29:59,636 - __main__ - INFO -   2. discharge_log
2026-02-11 13:29:59,637 - __main__ - INFO -   3. discharge_rolling_mean_7d
2026-02-11 13:29:59,639 - __main__ - INFO -   4. discharge_rolling_std_7d
2026-02-11 13:29:59,645 - __main__ - INFO -   5. discharge_rolling_max_7d
2026-02-11 13:29:59,647 - __main__ - INFO -   6. discharge_rolling_min_7d
2026-02-11 13:29:59,650 - __main__ - INFO -   7. discharge_rolling_mean_14d
2026-02-11 13:29:59,657 - __main__ - INFO -   8. discharge_rolling_std_14d
2026-02-11 13:29:59,658 - __main__ - INFO -   9. discharge_rolling_max_14d
2026-02-11 13:29:59,659 - __main__ - INFO -   10. discharge_rolling_min_14d
2026-02-11 13:29:59,660 - __main__ - INFO -   ... and 36 more
2026-02-11 13:29:59,692 - __main__ - INFO - Train set: 3,367 samples (0.090 positive rate)
2026-02-11 13:29:59,695 - __main__ - INFO - Test set: 1,444 samples (0.069 positive rate)
2026-02-11 13:29:59,765 - __main__ - INFO - Training RandomForestClassifier...
2026-02-11 13:30:01,621 - __main__ - INFO - 
============================================================
2026-02-11 13:30:01,623 - __main__ - INFO - TEST SET PERFORMANCE
2026-02-11 13:30:01,623 - __main__ - INFO - ============================================================
2026-02-11 13:30:01,623 - __main__ - INFO - Accuracy:  0.9737
2026-02-11 13:30:01,623 - __main__ - INFO - Precision: 0.8974
2026-02-11 13:30:01,625 - __main__ - INFO - Recall:    0.7000
2026-02-11 13:30:01,625 - __main__ - INFO - F1 Score:  0.7865
2026-02-11 13:30:01,625 - __main__ - INFO - ROC AUC:   0.9597
2026-02-11 13:30:01,627 - __main__ - INFO - 
Classification Report:
2026-02-11 13:30:01,683 - __main__ - INFO -               precision    recall  f1-score   support

    No Flood       0.98      0.99      0.99      1344
 Flood Event       0.90      0.70      0.79       100

    accuracy                           0.97      1444
   macro avg       0.94      0.85      0.89      1444
weighted avg       0.97      0.97      0.97      1444

2026-02-11 13:30:02,772 - __main__ - INFO - 
============================================================
2026-02-11 13:30:02,790 - __main__ - INFO - TRAINING COMPLETE!
2026-02-11 13:30:02,804 - __main__ - INFO - ============================================================
2026-02-11 13:30:03,008 - __main__ - INFO - 
============================================================
2026-02-11 13:30:03,010 - __main__ - INFO - TRAINING COMPLETE: 4/4 sites
2026-02-11 13:30:03,023 - __main__ - INFO - ============================================================
2026-02-11 13:30:42,944 - __main__ - INFO - Training flood models for 5 sites...
2026-02-11 13:30:42,944 - __main__ - INFO - 
============================================================
2026-02-11 13:30:42,944 - __main__ - INFO - Training model for site 07374000: Mississippi River at Baton Rouge, LA
2026-02-11 13:30:42,949 - __main__ - INFO - ============================================================
2026-02-11 13:30:42,968 - __main__ - INFO - ============================================================
2026-02-11 13:30:42,970 - __main__ - INFO - FLOOD MODEL TRAINING - Site 07374000
2026-02-11 13:30:42,973 - __main__ - INFO - ============================================================
2026-02-11 13:30:42,974 - __main__ - INFO - Project root: C:\Users\woodn\OneDrive\Desktop\MAPOU_LAB_CAPSTONE\earthquake-flood-alert
2026-02-11 13:30:42,977 - __main__ - INFO - Loading data from C:\Users\woodn\OneDrive\Desktop\MAPOU_LAB_CAPSTONE\earthquake-flood-alert\data\processed\flood_features_07374000.csv
2026-02-11 13:30:43,212 - __main__ - INFO - Loaded 4,998 records for site 07374000
2026-02-11 13:30:43,220 - __main__ - INFO - Target class distribution: {0: 4710, 1: 288}
2026-02-11 13:30:43,224 - __main__ - INFO - Using 49 NUMERIC features:
2026-02-11 13:30:43,226 - __main__ - INFO -   1. site_no
2026-02-11 13:30:43,226 - __main__ - INFO -   2. 00065_Maximum
2026-02-11 13:30:43,226 - __main__ - INFO -   3. 00065_Minimum
2026-02-11 13:30:43,227 - __main__ - INFO -   4. 00065_Mean
2026-02-11 13:30:43,228 - __main__ - INFO -   5. discharge_log
2026-02-11 13:30:43,228 - __main__ - INFO -   6. discharge_rolling_mean_7d
2026-02-11 13:30:43,229 - __main__ - INFO -   7. discharge_rolling_std_7d
2026-02-11 13:30:43,229 - __main__ - INFO -   8. discharge_rolling_max_7d
2026-02-11 13:30:43,232 - __main__ - INFO -   9. discharge_rolling_min_7d
2026-02-11 13:30:43,232 - __main__ - INFO -   10. discharge_rolling_mean_14d
2026-02-11 13:30:43,232 - __main__ - INFO -   ... and 39 more
2026-02-11 13:30:43,250 - __main__ - INFO - Train set: 3,498 samples (6.346% flood events)
2026-02-11 13:30:43,250 - __main__ - INFO - Test set: 1,500 samples (4.400% flood events)
2026-02-11 13:30:43,279 - __main__ - INFO - Training RandomForestClassifier...
2026-02-11 13:30:44,112 - __main__ - INFO - 
============================================================
2026-02-11 13:30:44,113 - __main__ - INFO - TEST SET PERFORMANCE
2026-02-11 13:30:44,113 - __main__ - INFO - ============================================================
2026-02-11 13:30:44,113 - __main__ - INFO - Accuracy:  0.9840
2026-02-11 13:30:44,113 - __main__ - INFO - Precision: 0.7763
2026-02-11 13:30:44,113 - __main__ - INFO - Recall:    0.8939
2026-02-11 13:30:44,113 - __main__ - INFO - F1 Score:  0.8310
2026-02-11 13:30:44,113 - __main__ - INFO - ROC AUC:   0.9977
2026-02-11 13:30:44,113 - __main__ - INFO - 
Classification Report:
2026-02-11 13:30:44,261 - __main__ - INFO -               precision    recall  f1-score   support

    No Flood       1.00      0.99      0.99      1434
 Flood Event       0.78      0.89      0.83        66

    accuracy                           0.98      1500
   macro avg       0.89      0.94      0.91      1500
weighted avg       0.99      0.98      0.98      1500

2026-02-11 13:30:44,546 - __main__ - INFO - [OK] Model saved to C:\Users\woodn\OneDrive\Desktop\MAPOU_LAB_CAPSTONE\earthquake-flood-alert\models\flood_risk_model_07374000_20260211_133044.pkl
2026-02-11 13:30:44,554 - __main__ - INFO - [OK] Scaler saved to C:\Users\woodn\OneDrive\Desktop\MAPOU_LAB_CAPSTONE\earthquake-flood-alert\models\flood_scaler_07374000_20260211_133044.pkl
2026-02-11 13:30:44,560 - __main__ - INFO - [OK] Feature names saved to C:\Users\woodn\OneDrive\Desktop\MAPOU_LAB_CAPSTONE\earthquake-flood-alert\models\flood_features_07374000_20260211_133044.json
2026-02-11 13:30:44,571 - __main__ - INFO - [OK] Evaluation results saved to C:\Users\woodn\OneDrive\Desktop\MAPOU_LAB_CAPSTONE\earthquake-flood-alert\models\flood_evaluation_07374000_20260211_133044.json
2026-02-11 13:30:44,573 - __main__ - INFO - 
============================================================
2026-02-11 13:30:44,577 - __main__ - INFO - TRAINING COMPLETE!
2026-02-11 13:30:44,584 - __main__ - INFO - ============================================================
2026-02-11 13:30:44,587 - __main__ - INFO - [OK] Successfully trained model for 07374000
2026-02-11 13:30:44,594 - __main__ - INFO - 
============================================================
2026-02-11 13:30:44,597 - __main__ - INFO - Training model for site 01646500: Potomac River at Little Falls, MD
2026-02-11 13:30:44,598 - __main__ - INFO - ============================================================
2026-02-11 13:30:44,626 - __main__ - INFO - ============================================================
2026-02-11 13:30:44,628 - __main__ - INFO - FLOOD MODEL TRAINING - Site 01646500
2026-02-11 13:30:44,628 - __main__ - INFO - ============================================================
2026-02-11 13:30:44,628 - __main__ - INFO - Project root: C:\Users\woodn\OneDrive\Desktop\MAPOU_LAB_CAPSTONE\earthquake-flood-alert
2026-02-11 13:30:44,630 - __main__ - INFO - Loading data from C:\Users\woodn\OneDrive\Desktop\MAPOU_LAB_CAPSTONE\earthquake-flood-alert\data\processed\flood_features_01646500.csv
2026-02-11 13:30:44,917 - __main__ - INFO - Loaded 5,084 records for site 01646500
2026-02-11 13:30:44,924 - __main__ - INFO - Target class distribution: {0: 4438, 1: 646}
2026-02-11 13:30:44,931 - __main__ - INFO - Using 46 NUMERIC features:
2026-02-11 13:30:44,938 - __main__ - INFO -   1. site_no
2026-02-11 13:30:44,940 - __main__ - INFO -   2. discharge_log
2026-02-11 13:30:44,941 - __main__ - INFO -   3. discharge_rolling_mean_7d
2026-02-11 13:30:44,945 - __main__ - INFO -   4. discharge_rolling_std_7d
2026-02-11 13:30:44,947 - __main__ - INFO -   5. discharge_rolling_max_7d
2026-02-11 13:30:44,947 - __main__ - INFO -   6. discharge_rolling_min_7d
2026-02-11 13:30:44,949 - __main__ - INFO -   7. discharge_rolling_mean_14d
2026-02-11 13:30:44,949 - __main__ - INFO -   8. discharge_rolling_std_14d
2026-02-11 13:30:44,951 - __main__ - INFO -   9. discharge_rolling_max_14d
2026-02-11 13:30:44,951 - __main__ - INFO -   10. discharge_rolling_min_14d
2026-02-11 13:30:44,955 - __main__ - INFO -   ... and 36 more
2026-02-11 13:30:44,982 - __main__ - INFO - Train set: 3,558 samples (15.514% flood events)
2026-02-11 13:30:44,986 - __main__ - INFO - Test set: 1,526 samples (6.160% flood events)
2026-02-11 13:30:45,051 - __main__ - INFO - Training RandomForestClassifier...
2026-02-11 13:30:47,478 - __main__ - INFO - 
============================================================
2026-02-11 13:30:47,482 - __main__ - INFO - TEST SET PERFORMANCE
2026-02-11 13:30:47,484 - __main__ - INFO - ============================================================
2026-02-11 13:30:47,484 - __main__ - INFO - Accuracy:  0.9482
2026-02-11 13:30:47,490 - __main__ - INFO - Precision: 0.6027
2026-02-11 13:30:47,497 - __main__ - INFO - Recall:    0.4681
2026-02-11 13:30:47,504 - __main__ - INFO - F1 Score:  0.5269
2026-02-11 13:30:47,512 - __main__ - INFO - ROC AUC:   0.8238
2026-02-11 13:30:47,513 - __main__ - INFO - 
Classification Report:
2026-02-11 13:30:47,580 - __main__ - INFO -               precision    recall  f1-score   support

    No Flood       0.97      0.98      0.97      1432
 Flood Event       0.60      0.47      0.53        94

    accuracy                           0.95      1526
   macro avg       0.78      0.72      0.75      1526
weighted avg       0.94      0.95      0.95      1526

2026-02-11 13:30:47,871 - __main__ - INFO - [OK] Model saved to C:\Users\woodn\OneDrive\Desktop\MAPOU_LAB_CAPSTONE\earthquake-flood-alert\models\flood_risk_model_01646500_20260211_133047.pkl
2026-02-11 13:30:47,920 - __main__ - INFO - [OK] Scaler saved to C:\Users\woodn\OneDrive\Desktop\MAPOU_LAB_CAPSTONE\earthquake-flood-alert\models\flood_scaler_01646500_20260211_133047.pkl
2026-02-11 13:30:47,942 - __main__ - INFO - [OK] Feature names saved to C:\Users\woodn\OneDrive\Desktop\MAPOU_LAB_CAPSTONE\earthquake-flood-alert\models\flood_features_01646500_20260211_133047.json
2026-02-11 13:30:47,984 - __main__ - INFO - [OK] Evaluation results saved to C:\Users\woodn\OneDrive\Desktop\MAPOU_LAB_CAPSTONE\earthquake-flood-alert\models\flood_evaluation_01646500_20260211_133047.json
2026-02-11 13:30:48,046 - __main__ - INFO - 
============================================================
2026-02-11 13:30:48,079 - __main__ - INFO - TRAINING COMPLETE!
2026-02-11 13:30:48,115 - __main__ - INFO - ============================================================
2026-02-11 13:30:48,161 - __main__ - INFO - [OK] Successfully trained model for 01646500
2026-02-11 13:30:48,240 - __main__ - INFO - 
============================================================
2026-02-11 13:30:48,271 - __main__ - INFO - Training model for site 14211720: Willamette River at Portland, OR
2026-02-11 13:30:48,328 - __main__ - INFO - ============================================================
2026-02-11 13:30:48,407 - __main__ - INFO - ============================================================
2026-02-11 13:30:48,421 - __main__ - INFO - FLOOD MODEL TRAINING - Site 14211720
2026-02-11 13:30:48,465 - __main__ - INFO - ============================================================
2026-02-11 13:30:48,495 - __main__ - INFO - Project root: C:\Users\woodn\OneDrive\Desktop\MAPOU_LAB_CAPSTONE\earthquake-flood-alert
2026-02-11 13:30:48,526 - __main__ - INFO - Loading data from C:\Users\woodn\OneDrive\Desktop\MAPOU_LAB_CAPSTONE\earthquake-flood-alert\data\processed\flood_features_14211720.csv
2026-02-11 13:30:49,146 - __main__ - INFO - Loaded 5,084 records for site 14211720
2026-02-11 13:30:49,158 - __main__ - INFO - Target class distribution: {0: 4614, 1: 470}
2026-02-11 13:30:49,196 - __main__ - INFO - Using 46 NUMERIC features:
2026-02-11 13:30:49,214 - __main__ - INFO -   1. site_no
2026-02-11 13:30:49,229 - __main__ - INFO -   2. discharge_log
2026-02-11 13:30:49,252 - __main__ - INFO -   3. discharge_rolling_mean_7d
2026-02-11 13:30:49,279 - __main__ - INFO -   4. discharge_rolling_std_7d
2026-02-11 13:30:49,295 - __main__ - INFO -   5. discharge_rolling_max_7d
2026-02-11 13:30:49,323 - __main__ - INFO -   6. discharge_rolling_min_7d
2026-02-11 13:30:49,345 - __main__ - INFO -   7. discharge_rolling_mean_14d
2026-02-11 13:30:49,358 - __main__ - INFO -   8. discharge_rolling_std_14d
2026-02-11 13:30:49,374 - __main__ - INFO -   9. discharge_rolling_max_14d
2026-02-11 13:30:49,378 - __main__ - INFO -   10. discharge_rolling_min_14d
2026-02-11 13:30:49,382 - __main__ - INFO -   ... and 36 more
2026-02-11 13:30:49,455 - __main__ - INFO - Train set: 3,558 samples (10.034% flood events)
2026-02-11 13:30:49,470 - __main__ - INFO - Test set: 1,526 samples (7.405% flood events)
2026-02-11 13:30:49,560 - __main__ - INFO - Training RandomForestClassifier...
2026-02-11 13:30:50,910 - __main__ - INFO - 
============================================================
2026-02-11 13:30:50,910 - __main__ - INFO - TEST SET PERFORMANCE
2026-02-11 13:30:50,910 - __main__ - INFO - ============================================================
2026-02-11 13:30:50,910 - __main__ - INFO - Accuracy:  0.9561
2026-02-11 13:30:50,910 - __main__ - INFO - Precision: 0.7614
2026-02-11 13:30:50,910 - __main__ - INFO - Recall:    0.5929
2026-02-11 13:30:50,910 - __main__ - INFO - F1 Score:  0.6667
2026-02-11 13:30:50,910 - __main__ - INFO - ROC AUC:   0.9537
2026-02-11 13:30:50,910 - __main__ - INFO - 
Classification Report:
2026-02-11 13:30:50,952 - __main__ - INFO -               precision    recall  f1-score   support

    No Flood       0.97      0.99      0.98      1413
 Flood Event       0.76      0.59      0.67       113

    accuracy                           0.96      1526
   macro avg       0.86      0.79      0.82      1526
weighted avg       0.95      0.96      0.95      1526

2026-02-11 13:30:51,122 - __main__ - INFO - [OK] Model saved to C:\Users\woodn\OneDrive\Desktop\MAPOU_LAB_CAPSTONE\earthquake-flood-alert\models\flood_risk_model_14211720_20260211_133050.pkl
2026-02-11 13:30:51,132 - __main__ - INFO - [OK] Scaler saved to C:\Users\woodn\OneDrive\Desktop\MAPOU_LAB_CAPSTONE\earthquake-flood-alert\models\flood_scaler_14211720_20260211_133050.pkl
2026-02-11 13:30:51,139 - __main__ - INFO - [OK] Feature names saved to C:\Users\woodn\OneDrive\Desktop\MAPOU_LAB_CAPSTONE\earthquake-flood-alert\models\flood_features_14211720_20260211_133050.json
2026-02-11 13:30:51,158 - __main__ - INFO - [OK] Evaluation results saved to C:\Users\woodn\OneDrive\Desktop\MAPOU_LAB_CAPSTONE\earthquake-flood-alert\models\flood_evaluation_14211720_20260211_133050.json
2026-02-11 13:30:51,169 - __main__ - INFO - 
============================================================
2026-02-11 13:30:51,174 - __main__ - INFO - TRAINING COMPLETE!
2026-02-11 13:30:51,179 - __main__ - INFO - ============================================================
2026-02-11 13:30:51,193 - __main__ - INFO - [OK] Successfully trained model for 14211720
2026-02-11 13:30:51,205 - __main__ - INFO - 
============================================================
2026-02-11 13:30:51,213 - __main__ - INFO - Training model for site 08067000: Neches River at Evadale, TX
2026-02-11 13:30:51,229 - __main__ - INFO - ============================================================
2026-02-11 13:30:51,283 - __main__ - INFO - ============================================================
2026-02-11 13:30:51,294 - __main__ - INFO - FLOOD MODEL TRAINING - Site 08067000
2026-02-11 13:30:51,310 - __main__ - INFO - ============================================================
2026-02-11 13:30:51,320 - __main__ - INFO - Project root: C:\Users\woodn\OneDrive\Desktop\MAPOU_LAB_CAPSTONE\earthquake-flood-alert
2026-02-11 13:30:51,338 - __main__ - INFO - Loading data from C:\Users\woodn\OneDrive\Desktop\MAPOU_LAB_CAPSTONE\earthquake-flood-alert\data\processed\flood_features_08067000.csv
2026-02-11 13:30:51,553 - __main__ - INFO - Loaded 2,760 records for site 08067000
2026-02-11 13:30:51,583 - __main__ - INFO - Target class distribution: {0: 2414, 1: 346}
2026-02-11 13:30:51,608 - __main__ - INFO - Using 47 NUMERIC features:
2026-02-11 13:30:51,640 - __main__ - INFO -   1. site_no
2026-02-11 13:30:51,656 - __main__ - INFO -   2. 00065_Mean
2026-02-11 13:30:51,697 - __main__ - INFO -   3. discharge_log
2026-02-11 13:30:51,740 - __main__ - INFO -   4. discharge_rolling_mean_7d
2026-02-11 13:30:51,785 - __main__ - INFO -   5. discharge_rolling_std_7d
2026-02-11 13:30:51,795 - __main__ - INFO -   6. discharge_rolling_max_7d
2026-02-11 13:30:51,829 - __main__ - INFO -   7. discharge_rolling_min_7d
2026-02-11 13:30:51,888 - __main__ - INFO -   8. discharge_rolling_mean_14d
2026-02-11 13:30:51,910 - __main__ - INFO -   9. discharge_rolling_std_14d
2026-02-11 13:30:51,921 - __main__ - INFO -   10. discharge_rolling_max_14d
2026-02-11 13:30:51,942 - __main__ - INFO -   ... and 37 more
2026-02-11 13:30:52,022 - __main__ - WARNING - Test set for site 08067000 has ZERO positive samples (all negatives). Evaluation metrics will be limited.
2026-02-11 13:30:52,056 - __main__ - INFO - Train set: 1,931 samples (17.918% flood events)
2026-02-11 13:30:52,078 - __main__ - INFO - Test set: 829 samples (0.000% flood events)
2026-02-11 13:30:52,176 - __main__ - INFO - Training RandomForestClassifier...
2026-02-11 13:30:53,808 - __main__ - INFO - 
============================================================
2026-02-11 13:30:53,808 - __main__ - INFO - TEST SET PERFORMANCE
2026-02-11 13:30:53,808 - __main__ - INFO - ============================================================
2026-02-11 13:30:53,822 - __main__ - INFO - Accuracy:  1.0000
2026-02-11 13:30:53,823 - __main__ - INFO - Precision: 0.0000
2026-02-11 13:30:53,823 - __main__ - INFO - Recall:    0.0000
2026-02-11 13:30:53,823 - __main__ - INFO - F1 Score:  0.0000
2026-02-11 13:30:53,823 - __main__ - INFO - ROC AUC:   0.0000
2026-02-11 13:30:53,823 - __main__ - INFO - 
Classification Report:
2026-02-11 13:30:53,866 - __main__ - INFO -               precision    recall  f1-score   support

    No Flood       1.00      1.00      1.00       829
 Flood Event       0.00      0.00      0.00         0

    accuracy                           1.00       829
   macro avg       0.50      0.50      0.50       829
weighted avg       1.00      1.00      1.00       829

2026-02-11 13:30:54,023 - __main__ - INFO - [OK] Model saved to C:\Users\woodn\OneDrive\Desktop\MAPOU_LAB_CAPSTONE\earthquake-flood-alert\models\flood_risk_model_08067000_20260211_133053.pkl
2026-02-11 13:30:54,028 - __main__ - INFO - [OK] Scaler saved to C:\Users\woodn\OneDrive\Desktop\MAPOU_LAB_CAPSTONE\earthquake-flood-alert\models\flood_scaler_08067000_20260211_133053.pkl
2026-02-11 13:30:54,035 - __main__ - INFO - [OK] Feature names saved to C:\Users\woodn\OneDrive\Desktop\MAPOU_LAB_CAPSTONE\earthquake-flood-alert\models\flood_features_08067000_20260211_133053.json
2026-02-11 13:30:54,049 - __main__ - INFO - [OK] Evaluation results saved to C:\Users\woodn\OneDrive\Desktop\MAPOU_LAB_CAPSTONE\earthquake-flood-alert\models\flood_evaluation_08067000_20260211_133053.json
2026-02-11 13:30:54,063 - __main__ - INFO - 
============================================================
2026-02-11 13:30:54,070 - __main__ - INFO - TRAINING COMPLETE!
2026-02-11 13:30:54,073 - __main__ - INFO - ============================================================
2026-02-11 13:30:54,079 - __main__ - INFO - [OK] Successfully trained model for 08067000
2026-02-11 13:30:54,088 - __main__ - INFO - 
============================================================
2026-02-11 13:30:54,093 - __main__ - INFO - Training model for site 03374100: White River at Hazleton, IN
2026-02-11 13:30:54,109 - __main__ - INFO - ============================================================
2026-02-11 13:30:54,192 - __main__ - INFO - ============================================================
2026-02-11 13:30:54,213 - __main__ - INFO - FLOOD MODEL TRAINING - Site 03374100
2026-02-11 13:30:54,220 - __main__ - INFO - ============================================================
2026-02-11 13:30:54,244 - __main__ - INFO - Project root: C:\Users\woodn\OneDrive\Desktop\MAPOU_LAB_CAPSTONE\earthquake-flood-alert
2026-02-11 13:30:54,284 - __main__ - INFO - Loading data from C:\Users\woodn\OneDrive\Desktop\MAPOU_LAB_CAPSTONE\earthquake-flood-alert\data\processed\flood_features_03374100.csv
2026-02-11 13:30:54,873 - __main__ - INFO - Loaded 4,811 records for site 03374100
2026-02-11 13:30:54,893 - __main__ - INFO - Target class distribution: {0: 4407, 1: 404}
2026-02-11 13:30:54,908 - __main__ - INFO - Using 46 NUMERIC features:
2026-02-11 13:30:54,920 - __main__ - INFO -   1. site_no
2026-02-11 13:30:54,925 - __main__ - INFO -   2. discharge_log
2026-02-11 13:30:54,926 - __main__ - INFO -   3. discharge_rolling_mean_7d
2026-02-11 13:30:54,940 - __main__ - INFO -   4. discharge_rolling_std_7d
2026-02-11 13:30:54,943 - __main__ - INFO -   5. discharge_rolling_max_7d
2026-02-11 13:30:54,951 - __main__ - INFO -   6. discharge_rolling_min_7d
2026-02-11 13:30:54,954 - __main__ - INFO -   7. discharge_rolling_mean_14d
2026-02-11 13:30:54,958 - __main__ - INFO -   8. discharge_rolling_std_14d
2026-02-11 13:30:54,963 - __main__ - INFO -   9. discharge_rolling_max_14d
2026-02-11 13:30:54,967 - __main__ - INFO -   10. discharge_rolling_min_14d
2026-02-11 13:30:54,969 - __main__ - INFO -   ... and 36 more
2026-02-11 13:30:55,012 - __main__ - INFO - Train set: 3,367 samples (9.029% flood events)
2026-02-11 13:30:55,019 - __main__ - INFO - Test set: 1,444 samples (6.925% flood events)
2026-02-11 13:30:55,078 - __main__ - INFO - Training RandomForestClassifier...
2026-02-11 13:30:56,625 - __main__ - INFO - 
============================================================
2026-02-11 13:30:56,626 - __main__ - INFO - TEST SET PERFORMANCE
2026-02-11 13:30:56,626 - __main__ - INFO - ============================================================
2026-02-11 13:30:56,627 - __main__ - INFO - Accuracy:  0.9737
2026-02-11 13:30:56,627 - __main__ - INFO - Precision: 0.8974
2026-02-11 13:30:56,628 - __main__ - INFO - Recall:    0.7000
2026-02-11 13:30:56,628 - __main__ - INFO - F1 Score:  0.7865
2026-02-11 13:30:56,628 - __main__ - INFO - ROC AUC:   0.9597
2026-02-11 13:30:56,629 - __main__ - INFO - 
Classification Report:
2026-02-11 13:30:56,655 - __main__ - INFO -               precision    recall  f1-score   support

    No Flood       0.98      0.99      0.99      1344
 Flood Event       0.90      0.70      0.79       100

    accuracy                           0.97      1444
   macro avg       0.94      0.85      0.89      1444
weighted avg       0.97      0.97      0.97      1444

2026-02-11 13:30:56,912 - __main__ - INFO - [OK] Model saved to C:\Users\woodn\OneDrive\Desktop\MAPOU_LAB_CAPSTONE\earthquake-flood-alert\models\flood_risk_model_03374100_20260211_133056.pkl
2026-02-11 13:30:56,929 - __main__ - INFO - [OK] Scaler saved to C:\Users\woodn\OneDrive\Desktop\MAPOU_LAB_CAPSTONE\earthquake-flood-alert\models\flood_scaler_03374100_20260211_133056.pkl
2026-02-11 13:30:56,974 - __main__ - INFO - [OK] Feature names saved to C:\Users\woodn\OneDrive\Desktop\MAPOU_LAB_CAPSTONE\earthquake-flood-alert\models\flood_features_03374100_20260211_133056.json
2026-02-11 13:30:56,984 - __main__ - INFO - [OK] Evaluation results saved to C:\Users\woodn\OneDrive\Desktop\MAPOU_LAB_CAPSTONE\earthquake-flood-alert\models\flood_evaluation_03374100_20260211_133056.json
2026-02-11 13:30:56,990 - __main__ - INFO - 
============================================================
2026-02-11 13:30:57,003 - __main__ - INFO - TRAINING COMPLETE!
2026-02-11 13:30:57,006 - __main__ - INFO - ============================================================
2026-02-11 13:30:57,022 - __main__ - INFO - [OK] Successfully trained model for 03374100
2026-02-11 13:30:57,032 - __main__ - INFO - 
============================================================
2026-02-11 13:30:57,037 - __main__ - INFO - TRAINING SUMMARY
2026-02-11 13:30:57,041 - __main__ - INFO - ============================================================
2026-02-11 13:30:57,050 - __main__ - INFO - Successful: 5/5 sites
2026-02-11 13:30:57,066 - __main__ - INFO - Failed: 0/5 sites
2026-02-11 13:33:12,554 - __main__ - INFO - Training flood models for 5 sites...
2026-02-11 13:33:12,559 - __main__ - INFO - 
============================================================
2026-02-11 13:33:12,560 - __main__ - INFO - Training model for site 07374000: Mississippi River at Baton Rouge, LA
2026-02-11 13:33:12,560 - __main__ - INFO - ============================================================
2026-02-11 13:33:12,581 - __main__ - INFO - ============================================================
2026-02-11 13:33:12,581 - __main__ - INFO - FLOOD MODEL TRAINING - Site 07374000
2026-02-11 13:33:12,581 - __main__ - INFO - ============================================================
2026-02-11 13:33:12,590 - __main__ - INFO - Project root: C:\Users\woodn\OneDrive\Desktop\MAPOU_LAB_CAPSTONE\earthquake-flood-alert
2026-02-11 13:33:12,596 - __main__ - INFO - Loading data from C:\Users\woodn\OneDrive\Desktop\MAPOU_LAB_CAPSTONE\earthquake-flood-alert\data\processed\flood_features_07374000.csv
2026-02-11 13:33:12,843 - __main__ - INFO - Loaded 4,998 records for site 07374000
2026-02-11 13:33:12,861 - __main__ - INFO - Target class distribution: {0: 4710, 1: 288}
2026-02-11 13:33:12,861 - __main__ - INFO - Using 49 NUMERIC features:
2026-02-11 13:33:12,861 - __main__ - INFO -   1. site_no
2026-02-11 13:33:12,861 - __main__ - INFO -   2. 00065_Maximum
2026-02-11 13:33:12,869 - __main__ - INFO -   3. 00065_Minimum
2026-02-11 13:33:12,871 - __main__ - INFO -   4. 00065_Mean
2026-02-11 13:33:12,872 - __main__ - INFO -   5. discharge_log
2026-02-11 13:33:12,876 - __main__ - INFO -   6. discharge_rolling_mean_7d
2026-02-11 13:33:12,877 - __main__ - INFO -   7. discharge_rolling_std_7d
2026-02-11 13:33:12,882 - __main__ - INFO -   8. discharge_rolling_max_7d
2026-02-11 13:33:12,883 - __main__ - INFO -   9. discharge_rolling_min_7d
2026-02-11 13:33:12,885 - __main__ - INFO -   10. discharge_rolling_mean_14d
2026-02-11 13:33:12,886 - __main__ - INFO -   ... and 39 more
2026-02-11 13:33:12,909 - __main__ - INFO - Train set: 3,498 samples (6.346% flood events)
2026-02-11 13:33:12,911 - __main__ - INFO - Test set: 1,500 samples (4.400% flood events)
2026-02-11 13:33:12,949 - __main__ - INFO - Training RandomForestClassifier...
2026-02-11 13:33:13,779 - __main__ - INFO - 
============================================================
2026-02-11 13:33:13,779 - __main__ - INFO - TEST SET PERFORMANCE
2026-02-11 13:33:13,779 - __main__ - INFO - ============================================================
2026-02-11 13:33:13,779 - __main__ - INFO - Accuracy:  0.9840
2026-02-11 13:33:13,779 - __main__ - INFO - Precision: 0.7763
2026-02-11 13:33:13,779 - __main__ - INFO - Recall:    0.8939
2026-02-11 13:33:13,779 - __main__ - INFO - F1 Score:  0.8310
2026-02-11 13:33:13,791 - __main__ - INFO - ROC AUC:   0.9977
2026-02-11 13:33:13,792 - __main__ - INFO - 
Classification Report:
2026-02-11 13:33:13,827 - __main__ - INFO -               precision    recall  f1-score   support

    No Flood       1.00      0.99      0.99      1434
 Flood Event       0.78      0.89      0.83        66

    accuracy                           0.98      1500
   macro avg       0.89      0.94      0.91      1500
weighted avg       0.99      0.98      0.98      1500

2026-02-11 13:33:13,942 - __main__ - INFO - [OK] Model saved to C:\Users\woodn\OneDrive\Desktop\MAPOU_LAB_CAPSTONE\earthquake-flood-alert\models\flood_risk_model_07374000_20260211_133313.pkl
2026-02-11 13:33:13,955 - __main__ - INFO - [OK] Scaler saved to C:\Users\woodn\OneDrive\Desktop\MAPOU_LAB_CAPSTONE\earthquake-flood-alert\models\flood_scaler_07374000_20260211_133313.pkl
2026-02-11 13:33:13,959 - __main__ - INFO - [OK] Feature names saved to C:\Users\woodn\OneDrive\Desktop\MAPOU_LAB_CAPSTONE\earthquake-flood-alert\models\flood_features_07374000_20260211_133313.json
2026-02-11 13:33:13,967 - __main__ - INFO - [OK] Evaluation results saved to C:\Users\woodn\OneDrive\Desktop\MAPOU_LAB_CAPSTONE\earthquake-flood-alert\models\flood_evaluation_07374000_20260211_133313.json
2026-02-11 13:33:13,969 - __main__ - INFO - 
============================================================
2026-02-11 13:33:13,971 - __main__ - INFO - TRAINING COMPLETE!
2026-02-11 13:33:13,972 - __main__ - INFO - ============================================================
2026-02-11 13:33:13,975 - __main__ - INFO - [OK] Successfully trained model for 07374000
2026-02-11 13:33:13,976 - __main__ - INFO - 
============================================================
2026-02-11 13:33:13,984 - __main__ - INFO - Training model for site 01646500: Potomac River at Little Falls, MD
2026-02-11 13:33:13,988 - __main__ - INFO - ============================================================
2026-02-11 13:33:14,048 - __main__ - INFO - ============================================================
2026-02-11 13:33:14,148 - __main__ - INFO - FLOOD MODEL TRAINING - Site 01646500
2026-02-11 13:33:14,229 - __main__ - INFO - ============================================================
2026-02-11 13:33:14,262 - __main__ - INFO - Project root: C:\Users\woodn\OneDrive\Desktop\MAPOU_LAB_CAPSTONE\earthquake-flood-alert
2026-02-11 13:33:14,277 - __main__ - INFO - Loading data from C:\Users\woodn\OneDrive\Desktop\MAPOU_LAB_CAPSTONE\earthquake-flood-alert\data\processed\flood_features_01646500.csv
2026-02-11 13:33:14,566 - __main__ - INFO - Loaded 5,084 records for site 01646500
2026-02-11 13:33:14,572 - __main__ - INFO - Target class distribution: {0: 4438, 1: 646}
2026-02-11 13:33:14,572 - __main__ - INFO - Using 46 NUMERIC features:
2026-02-11 13:33:14,576 - __main__ - INFO -   1. site_no
2026-02-11 13:33:14,576 - __main__ - INFO -   2. discharge_log
2026-02-11 13:33:14,576 - __main__ - INFO -   3. discharge_rolling_mean_7d
2026-02-11 13:33:14,578 - __main__ - INFO -   4. discharge_rolling_std_7d
2026-02-11 13:33:14,579 - __main__ - INFO -   5. discharge_rolling_max_7d
2026-02-11 13:33:14,586 - __main__ - INFO -   6. discharge_rolling_min_7d
2026-02-11 13:33:14,588 - __main__ - INFO -   7. discharge_rolling_mean_14d
2026-02-11 13:33:14,589 - __main__ - INFO -   8. discharge_rolling_std_14d
2026-02-11 13:33:14,590 - __main__ - INFO -   9. discharge_rolling_max_14d
2026-02-11 13:33:14,590 - __main__ - INFO -   10. discharge_rolling_min_14d
2026-02-11 13:33:14,591 - __main__ - INFO -   ... and 36 more
2026-02-11 13:33:14,617 - __main__ - INFO - Train set: 3,558 samples (15.514% flood events)
2026-02-11 13:33:14,618 - __main__ - INFO - Test set: 1,526 samples (6.160% flood events)
2026-02-11 13:33:14,658 - __main__ - INFO - Training RandomForestClassifier...
2026-02-11 13:33:16,041 - __main__ - INFO - 
============================================================
2026-02-11 13:33:16,083 - __main__ - INFO - TEST SET PERFORMANCE
2026-02-11 13:33:16,118 - __main__ - INFO - ============================================================
2026-02-11 13:33:16,152 - __main__ - INFO - Accuracy:  0.9482
2026-02-11 13:33:16,203 - __main__ - INFO - Precision: 0.6027
2026-02-11 13:33:16,232 - __main__ - INFO - Recall:    0.4681
2026-02-11 13:33:16,265 - __main__ - INFO - F1 Score:  0.5269
2026-02-11 13:33:16,304 - __main__ - INFO - ROC AUC:   0.8238
2026-02-11 13:33:16,336 - __main__ - INFO - 
Classification Report:
2026-02-11 13:33:16,448 - __main__ - INFO -               precision    recall  f1-score   support

    No Flood       0.97      0.98      0.97      1432
 Flood Event       0.60      0.47      0.53        94

    accuracy                           0.95      1526
   macro avg       0.78      0.72      0.75      1526
weighted avg       0.94      0.95      0.95      1526

2026-02-11 13:33:16,917 - __main__ - INFO - [OK] Model saved to C:\Users\woodn\OneDrive\Desktop\MAPOU_LAB_CAPSTONE\earthquake-flood-alert\models\flood_risk_model_01646500_20260211_133316.pkl
2026-02-11 13:33:16,978 - __main__ - INFO - [OK] Scaler saved to C:\Users\woodn\OneDrive\Desktop\MAPOU_LAB_CAPSTONE\earthquake-flood-alert\models\flood_scaler_01646500_20260211_133316.pkl
2026-02-11 13:33:17,081 - __main__ - INFO - [OK] Feature names saved to C:\Users\woodn\OneDrive\Desktop\MAPOU_LAB_CAPSTONE\earthquake-flood-alert\models\flood_features_01646500_20260211_133316.json
2026-02-11 13:33:17,151 - __main__ - INFO - [OK] Evaluation results saved to C:\Users\woodn\OneDrive\Desktop\MAPOU_LAB_CAPSTONE\earthquake-flood-alert\models\flood_evaluation_01646500_20260211_133316.json
2026-02-11 13:33:17,198 - __main__ - INFO - 
============================================================
2026-02-11 13:33:17,231 - __main__ - INFO - TRAINING COMPLETE!
2026-02-11 13:33:17,258 - __main__ - INFO - ============================================================
2026-02-11 13:33:17,290 - __main__ - INFO - [OK] Successfully trained model for 01646500
2026-02-11 13:33:17,333 - __main__ - INFO - 
============================================================
2026-02-11 13:33:17,362 - __main__ - INFO - Training model for site 14211720: Willamette River at Portland, OR
2026-02-11 13:33:17,418 - __main__ - INFO - ============================================================
2026-02-11 13:33:17,528 - __main__ - INFO - ============================================================
2026-02-11 13:33:17,567 - __main__ - INFO - FLOOD MODEL TRAINING - Site 14211720
2026-02-11 13:33:17,659 - __main__ - INFO - ============================================================
2026-02-11 13:33:17,725 - __main__ - INFO - Project root: C:\Users\woodn\OneDrive\Desktop\MAPOU_LAB_CAPSTONE\earthquake-flood-alert
2026-02-11 13:33:17,759 - __main__ - INFO - Loading data from C:\Users\woodn\OneDrive\Desktop\MAPOU_LAB_CAPSTONE\earthquake-flood-alert\data\processed\flood_features_14211720.csv
2026-02-11 13:33:18,178 - __main__ - INFO - Loaded 5,084 records for site 14211720
2026-02-11 13:33:18,206 - __main__ - INFO - Target class distribution: {0: 4614, 1: 470}
2026-02-11 13:33:18,243 - __main__ - INFO - Using 46 NUMERIC features:
2026-02-11 13:33:18,272 - __main__ - INFO -   1. site_no
2026-02-11 13:33:18,331 - __main__ - INFO -   2. discharge_log
2026-02-11 13:33:18,377 - __main__ - INFO -   3. discharge_rolling_mean_7d
2026-02-11 13:33:18,413 - __main__ - INFO -   4. discharge_rolling_std_7d
2026-02-11 13:33:18,445 - __main__ - INFO -   5. discharge_rolling_max_7d
2026-02-11 13:33:18,475 - __main__ - INFO -   6. discharge_rolling_min_7d
2026-02-11 13:33:18,494 - __main__ - INFO -   7. discharge_rolling_mean_14d
2026-02-11 13:33:18,538 - __main__ - INFO -   8. discharge_rolling_std_14d
2026-02-11 13:33:18,563 - __main__ - INFO -   9. discharge_rolling_max_14d
2026-02-11 13:33:18,615 - __main__ - INFO -   10. discharge_rolling_min_14d
2026-02-11 13:33:18,629 - __main__ - INFO -   ... and 36 more
2026-02-11 13:33:18,708 - __main__ - INFO - Train set: 3,558 samples (10.034% flood events)
2026-02-11 13:33:18,720 - __main__ - INFO - Test set: 1,526 samples (7.405% flood events)
2026-02-11 13:33:18,822 - __main__ - INFO - Training RandomForestClassifier...
2026-02-11 13:33:21,244 - __main__ - INFO - 
============================================================
2026-02-11 13:33:21,251 - __main__ - INFO - TEST SET PERFORMANCE
2026-02-11 13:33:21,253 - __main__ - INFO - ============================================================
2026-02-11 13:33:21,258 - __main__ - INFO - Accuracy:  0.9561
2026-02-11 13:33:21,262 - __main__ - INFO - Precision: 0.7614
2026-02-11 13:33:21,262 - __main__ - INFO - Recall:    0.5929
2026-02-11 13:33:21,267 - __main__ - INFO - F1 Score:  0.6667
2026-02-11 13:33:21,269 - __main__ - INFO - ROC AUC:   0.9537
2026-02-11 13:33:21,276 - __main__ - INFO - 
Classification Report:
2026-02-11 13:33:21,335 - __main__ - INFO -               precision    recall  f1-score   support

    No Flood       0.97      0.99      0.98      1413
 Flood Event       0.76      0.59      0.67       113

    accuracy                           0.96      1526
   macro avg       0.86      0.79      0.82      1526
weighted avg       0.95      0.96      0.95      1526

2026-02-11 13:33:21,548 - __main__ - INFO - [OK] Model saved to C:\Users\woodn\OneDrive\Desktop\MAPOU_LAB_CAPSTONE\earthquake-flood-alert\models\flood_risk_model_14211720_20260211_133321.pkl
2026-02-11 13:33:21,558 - __main__ - INFO - [OK] Scaler saved to C:\Users\woodn\OneDrive\Desktop\MAPOU_LAB_CAPSTONE\earthquake-flood-alert\models\flood_scaler_14211720_20260211_133321.pkl
2026-02-11 13:33:21,576 - __main__ - INFO - [OK] Feature names saved to C:\Users\woodn\OneDrive\Desktop\MAPOU_LAB_CAPSTONE\earthquake-flood-alert\models\flood_features_14211720_20260211_133321.json
2026-02-11 13:33:21,590 - __main__ - INFO - [OK] Evaluation results saved to C:\Users\woodn\OneDrive\Desktop\MAPOU_LAB_CAPSTONE\earthquake-flood-alert\models\flood_evaluation_14211720_20260211_133321.json
2026-02-11 13:33:21,594 - __main__ - INFO - 
============================================================
2026-02-11 13:33:21,595 - __main__ - INFO - TRAINING COMPLETE!
2026-02-11 13:33:21,598 - __main__ - INFO - ============================================================
2026-02-11 13:33:21,604 - __main__ - INFO - [OK] Successfully trained model for 14211720
2026-02-11 13:33:21,610 - __main__ - INFO - 
============================================================
2026-02-11 13:33:21,611 - __main__ - INFO - Training model for site 08067000: Neches River at Evadale, TX
2026-02-11 13:33:21,613 - __main__ - INFO - ============================================================
2026-02-11 13:33:21,653 - __main__ - INFO - ============================================================
2026-02-11 13:33:21,658 - __main__ - INFO - FLOOD MODEL TRAINING - Site 08067000
2026-02-11 13:33:21,660 - __main__ - INFO - ============================================================
2026-02-11 13:33:21,662 - __main__ - INFO - Project root: C:\Users\woodn\OneDrive\Desktop\MAPOU_LAB_CAPSTONE\earthquake-flood-alert
2026-02-11 13:33:21,664 - __main__ - INFO - Loading data from C:\Users\woodn\OneDrive\Desktop\MAPOU_LAB_CAPSTONE\earthquake-flood-alert\data\processed\flood_features_08067000.csv
2026-02-11 13:33:21,890 - __main__ - INFO - Loaded 2,760 records for site 08067000
2026-02-11 13:33:21,896 - __main__ - INFO - Target class distribution: {0: 2414, 1: 346}
2026-02-11 13:33:21,900 - __main__ - INFO - Using 47 NUMERIC features:
2026-02-11 13:33:21,901 - __main__ - INFO -   1. site_no
2026-02-11 13:33:21,903 - __main__ - INFO -   2. 00065_Mean
2026-02-11 13:33:21,905 - __main__ - INFO -   3. discharge_log
2026-02-11 13:33:21,906 - __main__ - INFO -   4. discharge_rolling_mean_7d
2026-02-11 13:33:21,909 - __main__ - INFO -   5. discharge_rolling_std_7d
2026-02-11 13:33:21,910 - __main__ - INFO -   6. discharge_rolling_max_7d
2026-02-11 13:33:21,912 - __main__ - INFO -   7. discharge_rolling_min_7d
2026-02-11 13:33:21,916 - __main__ - INFO -   8. discharge_rolling_mean_14d
2026-02-11 13:33:21,923 - __main__ - INFO -   9. discharge_rolling_std_14d
2026-02-11 13:33:21,930 - __main__ - INFO -   10. discharge_rolling_max_14d
2026-02-11 13:33:21,930 - __main__ - INFO -   ... and 37 more
2026-02-11 13:33:21,952 - __main__ - WARNING - Test set for site 08067000 has ZERO positive samples (all negatives). Evaluation metrics will be limited.
2026-02-11 13:33:21,958 - __main__ - INFO - Train set: 1,931 samples (17.918% flood events)
2026-02-11 13:33:21,960 - __main__ - INFO - Test set: 829 samples (0.000% flood events)
2026-02-11 13:33:21,998 - __main__ - INFO - Training RandomForestClassifier...
2026-02-11 13:33:23,656 - __main__ - INFO - 
============================================================
2026-02-11 13:33:23,677 - __main__ - INFO - TEST SET PERFORMANCE
2026-02-11 13:33:23,707 - __main__ - INFO - ============================================================
2026-02-11 13:33:23,769 - __main__ - INFO - Accuracy:  1.0000
2026-02-11 13:33:23,803 - __main__ - INFO - Precision: 0.0000
2026-02-11 13:33:23,818 - __main__ - INFO - Recall:    0.0000
2026-02-11 13:33:23,823 - __main__ - INFO - F1 Score:  0.0000
2026-02-11 13:33:23,837 - __main__ - INFO - ROC AUC:   0.0000
2026-02-11 13:33:23,880 - __main__ - INFO - 
Classification Report:
2026-02-11 13:33:24,001 - __main__ - INFO -               precision    recall  f1-score   support

    No Flood       1.00      1.00      1.00       829
 Flood Event       0.00      0.00      0.00         0

    accuracy                           1.00       829
   macro avg       0.50      0.50      0.50       829
weighted avg       1.00      1.00      1.00       829

2026-02-11 13:33:24,277 - __main__ - INFO - [OK] Model saved to C:\Users\woodn\OneDrive\Desktop\MAPOU_LAB_CAPSTONE\earthquake-flood-alert\models\flood_risk_model_08067000_20260211_133324.pkl
2026-02-11 13:33:24,358 - __main__ - INFO - [OK] Scaler saved to C:\Users\woodn\OneDrive\Desktop\MAPOU_LAB_CAPSTONE\earthquake-flood-alert\models\flood_scaler_08067000_20260211_133324.pkl
2026-02-11 13:33:24,414 - __main__ - INFO - [OK] Feature names saved to C:\Users\woodn\OneDrive\Desktop\MAPOU_LAB_CAPSTONE\earthquake-flood-alert\models\flood_features_08067000_20260211_133324.json
2026-02-11 13:33:24,473 - __main__ - INFO - [OK] Evaluation results saved to C:\Users\woodn\OneDrive\Desktop\MAPOU_LAB_CAPSTONE\earthquake-flood-alert\models\flood_evaluation_08067000_20260211_133324.json
2026-02-11 13:33:24,540 - __main__ - INFO - 
============================================================
2026-02-11 13:33:24,574 - __main__ - INFO - TRAINING COMPLETE!
2026-02-11 13:33:24,606 - __main__ - INFO - ============================================================
2026-02-11 13:33:24,627 - __main__ - INFO - [OK] Successfully trained model for 08067000
2026-02-11 13:33:24,641 - __main__ - INFO - 
============================================================
2026-02-11 13:33:24,671 - __main__ - INFO - Training model for site 03374100: White River at Hazleton, IN
2026-02-11 13:33:24,685 - __main__ - INFO - ============================================================
2026-02-11 13:33:24,762 - __main__ - INFO - ============================================================
2026-02-11 13:33:24,787 - __main__ - INFO - FLOOD MODEL TRAINING - Site 03374100
2026-02-11 13:33:24,843 - __main__ - INFO - ============================================================
2026-02-11 13:33:24,877 - __main__ - INFO - Project root: C:\Users\woodn\OneDrive\Desktop\MAPOU_LAB_CAPSTONE\earthquake-flood-alert
2026-02-11 13:33:24,902 - __main__ - INFO - Loading data from C:\Users\woodn\OneDrive\Desktop\MAPOU_LAB_CAPSTONE\earthquake-flood-alert\data\processed\flood_features_03374100.csv
2026-02-11 13:33:25,338 - __main__ - INFO - Loaded 4,811 records for site 03374100
2026-02-11 13:33:25,342 - __main__ - INFO - Target class distribution: {0: 4407, 1: 404}
2026-02-11 13:33:25,356 - __main__ - INFO - Using 46 NUMERIC features:
2026-02-11 13:33:25,363 - __main__ - INFO -   1. site_no
2026-02-11 13:33:25,380 - __main__ - INFO -   2. discharge_log
2026-02-11 13:33:25,387 - __main__ - INFO -   3. discharge_rolling_mean_7d
2026-02-11 13:33:25,394 - __main__ - INFO -   4. discharge_rolling_std_7d
2026-02-11 13:33:25,398 - __main__ - INFO -   5. discharge_rolling_max_7d
2026-02-11 13:33:25,411 - __main__ - INFO -   6. discharge_rolling_min_7d
2026-02-11 13:33:25,446 - __main__ - INFO -   7. discharge_rolling_mean_14d
2026-02-11 13:33:25,464 - __main__ - INFO -   8. discharge_rolling_std_14d
2026-02-11 13:33:25,476 - __main__ - INFO -   9. discharge_rolling_max_14d
2026-02-11 13:33:25,486 - __main__ - INFO -   10. discharge_rolling_min_14d
2026-02-11 13:33:25,505 - __main__ - INFO -   ... and 36 more
2026-02-11 13:33:25,545 - __main__ - INFO - Train set: 3,367 samples (9.029% flood events)
2026-02-11 13:33:25,554 - __main__ - INFO - Test set: 1,444 samples (6.925% flood events)
2026-02-11 13:33:25,624 - __main__ - INFO - Training RandomForestClassifier...
2026-02-11 13:33:27,392 - __main__ - INFO - 
============================================================
2026-02-11 13:33:27,392 - __main__ - INFO - TEST SET PERFORMANCE
2026-02-11 13:33:27,392 - __main__ - INFO - ============================================================
2026-02-11 13:33:27,408 - __main__ - INFO - Accuracy:  0.9737
2026-02-11 13:33:27,408 - __main__ - INFO - Precision: 0.8974
2026-02-11 13:33:27,408 - __main__ - INFO - Recall:    0.7000
2026-02-11 13:33:27,410 - __main__ - INFO - F1 Score:  0.7865
2026-02-11 13:33:27,410 - __main__ - INFO - ROC AUC:   0.9597
2026-02-11 13:33:27,410 - __main__ - INFO - 
Classification Report:
2026-02-11 13:33:27,452 - __main__ - INFO -               precision    recall  f1-score   support

    No Flood       0.98      0.99      0.99      1344
 Flood Event       0.90      0.70      0.79       100

    accuracy                           0.97      1444
   macro avg       0.94      0.85      0.89      1444
weighted avg       0.97      0.97      0.97      1444

2026-02-11 13:33:27,675 - __main__ - INFO - [OK] Model saved to C:\Users\woodn\OneDrive\Desktop\MAPOU_LAB_CAPSTONE\earthquake-flood-alert\models\flood_risk_model_03374100_20260211_133327.pkl
2026-02-11 13:33:27,689 - __main__ - INFO - [OK] Scaler saved to C:\Users\woodn\OneDrive\Desktop\MAPOU_LAB_CAPSTONE\earthquake-flood-alert\models\flood_scaler_03374100_20260211_133327.pkl
2026-02-11 13:33:27,705 - __main__ - INFO - [OK] Feature names saved to C:\Users\woodn\OneDrive\Desktop\MAPOU_LAB_CAPSTONE\earthquake-flood-alert\models\flood_features_03374100_20260211_133327.json
2026-02-11 13:33:27,721 - __main__ - INFO - [OK] Evaluation results saved to C:\Users\woodn\OneDrive\Desktop\MAPOU_LAB_CAPSTONE\earthquake-flood-alert\models\flood_evaluation_03374100_20260211_133327.json
2026-02-11 13:33:27,742 - __main__ - INFO - 
============================================================
2026-02-11 13:33:27,751 - __main__ - INFO - TRAINING COMPLETE!
2026-02-11 13:33:27,771 - __main__ - INFO - ============================================================
2026-02-11 13:33:27,780 - __main__ - INFO - [OK] Successfully trained model for 03374100
2026-02-11 13:33:27,789 - __main__ - INFO - 
============================================================
2026-02-11 13:33:27,793 - __main__ - INFO - TRAINING SUMMARY
2026-02-11 13:33:27,794 - __main__ - INFO - ============================================================
2026-02-11 13:33:27,796 - __main__ - INFO - Successful: 5/5 sites
2026-02-11 13:33:27,820 - __main__ - INFO - Failed: 0/5 sites
2026-02-11 14:23:50,609 - __main__ - INFO - Training flood models for 5 sites...
2026-02-11 14:23:50,613 - __main__ - INFO - 
============================================================
2026-02-11 14:23:50,615 - __main__ - INFO - Training model for site 07374000: Mississippi River at Baton Rouge, LA
2026-02-11 14:23:50,616 - __main__ - INFO - ============================================================
2026-02-11 14:23:50,644 - __main__ - INFO - Project root: C:\Users\woodn\OneDrive\Desktop\MAPOU_LAB_CAPSTONE\earthquake-flood-alert
2026-02-11 14:23:51,014 - __main__ - INFO - Loaded 4,998 records for site 07374000
2026-02-11 14:23:51,038 - __main__ - INFO - Target class distribution: {0: 4710, 1: 288}
2026-02-11 14:23:51,053 - __main__ - INFO - Using 49 NUMERIC features:
2026-02-11 14:23:51,065 - __main__ - INFO -   1. site_no
2026-02-11 14:23:51,073 - __main__ - INFO -   2. 00065_Maximum
2026-02-11 14:23:51,087 - __main__ - INFO -   3. 00065_Minimum
2026-02-11 14:23:51,096 - __main__ - INFO -   4. 00065_Mean
2026-02-11 14:23:51,107 - __main__ - INFO -   5. discharge_log
2026-02-11 14:23:51,109 - __main__ - INFO -   6. discharge_rolling_mean_7d
2026-02-11 14:23:51,110 - __main__ - INFO -   7. discharge_rolling_std_7d
2026-02-11 14:23:51,120 - __main__ - INFO -   8. discharge_rolling_max_7d
2026-02-11 14:23:51,129 - __main__ - INFO -   9. discharge_rolling_min_7d
2026-02-11 14:23:51,150 - __main__ - INFO -   10. discharge_rolling_mean_14d
2026-02-11 14:23:51,169 - __main__ - INFO -   ... and 39 more
2026-02-11 14:23:51,228 - __main__ - INFO - Train set: 3,498 samples (6.346% flood events)
2026-02-11 14:23:51,240 - __main__ - INFO - Test set: 1,500 samples (4.400% flood events)
2026-02-11 14:23:51,312 - __main__ - INFO - Training RandomForestClassifier...
2026-02-11 14:23:52,868 - __main__ - INFO - TEST SET PERFORMANCE
2026-02-11 14:23:52,871 - __main__ - INFO - Accuracy:  0.9840
2026-02-11 14:23:52,871 - __main__ - INFO - Precision: 0.7763
2026-02-11 14:23:52,873 - __main__ - INFO - Recall:    0.8939
2026-02-11 14:23:52,873 - __main__ - INFO - F1 Score:  0.8310
2026-02-11 14:23:52,875 - __main__ - INFO - ROC AUC:   0.9977
2026-02-11 14:23:52,875 - __main__ - INFO - 
Classification Report:
2026-02-11 14:23:52,927 - __main__ - INFO -               precision    recall  f1-score   support

    No Flood       1.00      0.99      0.99      1434
 Flood Event       0.78      0.89      0.83        66

    accuracy                           0.98      1500
   macro avg       0.89      0.94      0.91      1500
weighted avg       0.99      0.98      0.98      1500

2026-02-11 14:23:53,083 - __main__ - INFO - [OK] Model saved to C:\Users\woodn\OneDrive\Desktop\MAPOU_LAB_CAPSTONE\earthquake-flood-alert\models\flood_risk_model_07374000_20260211_142352.pkl
2026-02-11 14:23:53,095 - __main__ - INFO - [OK] Scaler saved to C:\Users\woodn\OneDrive\Desktop\MAPOU_LAB_CAPSTONE\earthquake-flood-alert\models\flood_scaler_07374000_20260211_142352.pkl
2026-02-11 14:23:53,105 - __main__ - INFO - [OK] Feature names saved to C:\Users\woodn\OneDrive\Desktop\MAPOU_LAB_CAPSTONE\earthquake-flood-alert\models\flood_features_07374000_20260211_142352.json
2026-02-11 14:23:53,114 - __main__ - INFO - [OK] Evaluation results saved to C:\Users\woodn\OneDrive\Desktop\MAPOU_LAB_CAPSTONE\earthquake-flood-alert\models\flood_evaluation_07374000_20260211_142352.json
2026-02-11 14:23:53,117 - __main__ - INFO - TRAINING COMPLETE!
2026-02-11 14:23:53,126 - __main__ - INFO - [OK] Successfully trained model for 07374000
2026-02-11 14:23:53,129 - __main__ - INFO - 
============================================================
2026-02-11 14:23:53,130 - __main__ - INFO - Training model for site 01646500: Potomac River at Little Falls, MD
2026-02-11 14:23:53,132 - __main__ - INFO - ============================================================
2026-02-11 14:23:53,168 - __main__ - INFO - Project root: C:\Users\woodn\OneDrive\Desktop\MAPOU_LAB_CAPSTONE\earthquake-flood-alert
2026-02-11 14:23:53,524 - __main__ - INFO - Loaded 5,084 records for site 01646500
2026-02-11 14:23:53,528 - __main__ - INFO - Target class distribution: {0: 4438, 1: 646}
2026-02-11 14:23:53,530 - __main__ - INFO - Using 46 NUMERIC features:
2026-02-11 14:23:53,530 - __main__ - INFO -   1. site_no
2026-02-11 14:23:53,536 - __main__ - INFO -   2. discharge_log
2026-02-11 14:23:53,540 - __main__ - INFO -   3. discharge_rolling_mean_7d
2026-02-11 14:23:53,545 - __main__ - INFO -   4. discharge_rolling_std_7d
2026-02-11 14:23:53,546 - __main__ - INFO -   5. discharge_rolling_max_7d
2026-02-11 14:23:53,551 - __main__ - INFO -   6. discharge_rolling_min_7d
2026-02-11 14:23:53,555 - __main__ - INFO -   7. discharge_rolling_mean_14d
2026-02-11 14:23:53,561 - __main__ - INFO -   8. discharge_rolling_std_14d
2026-02-11 14:23:53,569 - __main__ - INFO -   9. discharge_rolling_max_14d
2026-02-11 14:23:53,590 - __main__ - INFO -   10. discharge_rolling_min_14d
2026-02-11 14:23:53,598 - __main__ - INFO -   ... and 36 more
2026-02-11 14:23:53,624 - __main__ - INFO - Train set: 3,558 samples (15.514% flood events)
2026-02-11 14:23:53,625 - __main__ - INFO - Test set: 1,526 samples (6.160% flood events)
2026-02-11 14:23:53,670 - __main__ - INFO - Training RandomForestClassifier...
2026-02-11 14:23:57,688 - __main__ - INFO - TEST SET PERFORMANCE
2026-02-11 14:23:57,698 - __main__ - INFO - Accuracy:  0.9482
2026-02-11 14:23:57,744 - __main__ - INFO - Precision: 0.6027
2026-02-11 14:23:57,791 - __main__ - INFO - Recall:    0.4681
2026-02-11 14:23:57,822 - __main__ - INFO - F1 Score:  0.5269
2026-02-11 14:23:57,852 - __main__ - INFO - ROC AUC:   0.8238
2026-02-11 14:23:57,875 - __main__ - INFO - 
Classification Report:
2026-02-11 14:23:57,962 - __main__ - INFO -               precision    recall  f1-score   support

    No Flood       0.97      0.98      0.97      1432
 Flood Event       0.60      0.47      0.53        94

    accuracy                           0.95      1526
   macro avg       0.78      0.72      0.75      1526
weighted avg       0.94      0.95      0.95      1526

2026-02-11 14:23:58,329 - __main__ - INFO - [OK] Model saved to C:\Users\woodn\OneDrive\Desktop\MAPOU_LAB_CAPSTONE\earthquake-flood-alert\models\flood_risk_model_01646500_20260211_142357.pkl
2026-02-11 14:23:58,354 - __main__ - INFO - [OK] Scaler saved to C:\Users\woodn\OneDrive\Desktop\MAPOU_LAB_CAPSTONE\earthquake-flood-alert\models\flood_scaler_01646500_20260211_142357.pkl
2026-02-11 14:23:58,388 - __main__ - INFO - [OK] Feature names saved to C:\Users\woodn\OneDrive\Desktop\MAPOU_LAB_CAPSTONE\earthquake-flood-alert\models\flood_features_01646500_20260211_142357.json
2026-02-11 14:23:58,426 - __main__ - INFO - [OK] Evaluation results saved to C:\Users\woodn\OneDrive\Desktop\MAPOU_LAB_CAPSTONE\earthquake-flood-alert\models\flood_evaluation_01646500_20260211_142357.json
2026-02-11 14:23:58,453 - __main__ - INFO - TRAINING COMPLETE!
2026-02-11 14:23:58,483 - __main__ - INFO - [OK] Successfully trained model for 01646500
2026-02-11 14:23:58,508 - __main__ - INFO - 
============================================================
2026-02-11 14:23:58,525 - __main__ - INFO - Training model for site 14211720: Willamette River at Portland, OR
2026-02-11 14:23:58,547 - __main__ - INFO - ============================================================
2026-02-11 14:23:58,613 - __main__ - INFO - Project root: C:\Users\woodn\OneDrive\Desktop\MAPOU_LAB_CAPSTONE\earthquake-flood-alert
2026-02-11 14:23:59,050 - __main__ - INFO - Loaded 5,084 records for site 14211720
2026-02-11 14:23:59,106 - __main__ - INFO - Target class distribution: {0: 4614, 1: 470}
2026-02-11 14:23:59,144 - __main__ - INFO - Using 46 NUMERIC features:
2026-02-11 14:23:59,175 - __main__ - INFO -   1. site_no
2026-02-11 14:23:59,201 - __main__ - INFO -   2. discharge_log
2026-02-11 14:23:59,229 - __main__ - INFO -   3. discharge_rolling_mean_7d
2026-02-11 14:23:59,261 - __main__ - INFO -   4. discharge_rolling_std_7d
2026-02-11 14:23:59,295 - __main__ - INFO -   5. discharge_rolling_max_7d
2026-02-11 14:23:59,318 - __main__ - INFO -   6. discharge_rolling_min_7d
2026-02-11 14:23:59,329 - __main__ - INFO -   7. discharge_rolling_mean_14d
2026-02-11 14:23:59,367 - __main__ - INFO -   8. discharge_rolling_std_14d
2026-02-11 14:23:59,378 - __main__ - INFO -   9. discharge_rolling_max_14d
2026-02-11 14:23:59,408 - __main__ - INFO -   10. discharge_rolling_min_14d
2026-02-11 14:23:59,444 - __main__ - INFO -   ... and 36 more
2026-02-11 14:23:59,501 - __main__ - INFO - Train set: 3,558 samples (10.034% flood events)
2026-02-11 14:23:59,510 - __main__ - INFO - Test set: 1,526 samples (7.405% flood events)
2026-02-11 14:23:59,593 - __main__ - INFO - Training RandomForestClassifier...
2026-02-11 14:24:01,724 - __main__ - INFO - TEST SET PERFORMANCE
2026-02-11 14:24:01,737 - __main__ - INFO - Accuracy:  0.9561
2026-02-11 14:24:01,744 - __main__ - INFO - Precision: 0.7614
2026-02-11 14:24:01,746 - __main__ - INFO - Recall:    0.5929
2026-02-11 14:24:01,753 - __main__ - INFO - F1 Score:  0.6667
2026-02-11 14:24:01,759 - __main__ - INFO - ROC AUC:   0.9537
2026-02-11 14:24:01,761 - __main__ - INFO - 
Classification Report:
2026-02-11 14:24:01,812 - __main__ - INFO -               precision    recall  f1-score   support

    No Flood       0.97      0.99      0.98      1413
 Flood Event       0.76      0.59      0.67       113

    accuracy                           0.96      1526
   macro avg       0.86      0.79      0.82      1526
weighted avg       0.95      0.96      0.95      1526

2026-02-11 14:24:02,025 - __main__ - INFO - [OK] Model saved to C:\Users\woodn\OneDrive\Desktop\MAPOU_LAB_CAPSTONE\earthquake-flood-alert\models\flood_risk_model_14211720_20260211_142401.pkl
2026-02-11 14:24:02,043 - __main__ - INFO - [OK] Scaler saved to C:\Users\woodn\OneDrive\Desktop\MAPOU_LAB_CAPSTONE\earthquake-flood-alert\models\flood_scaler_14211720_20260211_142401.pkl
2026-02-11 14:24:02,051 - __main__ - INFO - [OK] Feature names saved to C:\Users\woodn\OneDrive\Desktop\MAPOU_LAB_CAPSTONE\earthquake-flood-alert\models\flood_features_14211720_20260211_142401.json
2026-02-11 14:24:02,059 - __main__ - INFO - [OK] Evaluation results saved to C:\Users\woodn\OneDrive\Desktop\MAPOU_LAB_CAPSTONE\earthquake-flood-alert\models\flood_evaluation_14211720_20260211_142401.json
2026-02-11 14:24:02,063 - __main__ - INFO - TRAINING COMPLETE!
2026-02-11 14:24:02,069 - __main__ - INFO - [OK] Successfully trained model for 14211720
2026-02-11 14:24:02,071 - __main__ - INFO - 
============================================================
2026-02-11 14:24:02,074 - __main__ - INFO - Training model for site 08067000: Neches River at Evadale, TX
2026-02-11 14:24:02,076 - __main__ - INFO - ============================================================
2026-02-11 14:24:02,108 - __main__ - INFO - Project root: C:\Users\woodn\OneDrive\Desktop\MAPOU_LAB_CAPSTONE\earthquake-flood-alert
2026-02-11 14:24:02,330 - __main__ - INFO - Loaded 2,760 records for site 08067000
2026-02-11 14:24:02,334 - __main__ - INFO - Target class distribution: {0: 2414, 1: 346}
2026-02-11 14:24:02,336 - __main__ - INFO - Using 47 NUMERIC features:
2026-02-11 14:24:02,336 - __main__ - INFO -   1. site_no
2026-02-11 14:24:02,342 - __main__ - INFO -   2. 00065_Mean
2026-02-11 14:24:02,343 - __main__ - INFO -   3. discharge_log
2026-02-11 14:24:02,344 - __main__ - INFO -   4. discharge_rolling_mean_7d
2026-02-11 14:24:02,347 - __main__ - INFO -   5. discharge_rolling_std_7d
2026-02-11 14:24:02,348 - __main__ - INFO -   6. discharge_rolling_max_7d
2026-02-11 14:24:02,349 - __main__ - INFO -   7. discharge_rolling_min_7d
2026-02-11 14:24:02,349 - __main__ - INFO -   8. discharge_rolling_mean_14d
2026-02-11 14:24:02,350 - __main__ - INFO -   9. discharge_rolling_std_14d
2026-02-11 14:24:02,351 - __main__ - INFO -   10. discharge_rolling_max_14d
2026-02-11 14:24:02,353 - __main__ - INFO -   ... and 37 more
2026-02-11 14:24:02,367 - __main__ - WARNING - Test set for site 08067000 has ZERO positive samples (all negatives). Evaluation metrics will be limited.
2026-02-11 14:24:02,370 - __main__ - INFO - Train set: 1,931 samples (17.918% flood events)
2026-02-11 14:24:02,374 - __main__ - INFO - Test set: 829 samples (0.000% flood events)
2026-02-11 14:24:02,405 - __main__ - INFO - Training RandomForestClassifier...
2026-02-11 14:24:03,760 - __main__ - INFO - TEST SET PERFORMANCE
2026-02-11 14:24:03,780 - __main__ - INFO - Accuracy:  1.0000
2026-02-11 14:24:03,814 - __main__ - INFO - Precision: 0.0000
2026-02-11 14:24:03,840 - __main__ - INFO - Recall:    0.0000
2026-02-11 14:24:03,855 - __main__ - INFO - F1 Score:  0.0000
2026-02-11 14:24:03,876 - __main__ - INFO - ROC AUC:   0.0000
2026-02-11 14:24:03,895 - __main__ - INFO - 
Classification Report:
2026-02-11 14:24:03,983 - __main__ - INFO -               precision    recall  f1-score   support

    No Flood       1.00      1.00      1.00       829
 Flood Event       0.00      0.00      0.00         0

    accuracy                           1.00       829
   macro avg       0.50      0.50      0.50       829
weighted avg       1.00      1.00      1.00       829

2026-02-11 14:24:04,334 - __main__ - INFO - [OK] Model saved to C:\Users\woodn\OneDrive\Desktop\MAPOU_LAB_CAPSTONE\earthquake-flood-alert\models\flood_risk_model_08067000_20260211_142404.pkl
2026-02-11 14:24:04,350 - __main__ - INFO - [OK] Scaler saved to C:\Users\woodn\OneDrive\Desktop\MAPOU_LAB_CAPSTONE\earthquake-flood-alert\models\flood_scaler_08067000_20260211_142404.pkl
2026-02-11 14:24:04,365 - __main__ - INFO - [OK] Feature names saved to C:\Users\woodn\OneDrive\Desktop\MAPOU_LAB_CAPSTONE\earthquake-flood-alert\models\flood_features_08067000_20260211_142404.json
2026-02-11 14:24:04,371 - __main__ - INFO - [OK] Evaluation results saved to C:\Users\woodn\OneDrive\Desktop\MAPOU_LAB_CAPSTONE\earthquake-flood-alert\models\flood_evaluation_08067000_20260211_142404.json
2026-02-11 14:24:04,374 - __main__ - INFO - TRAINING COMPLETE!
2026-02-11 14:24:04,381 - __main__ - INFO - [OK] Successfully trained model for 08067000
2026-02-11 14:24:04,383 - __main__ - INFO - 
============================================================
2026-02-11 14:24:04,384 - __main__ - INFO - Training model for site 03374100: White River at Hazleton, IN
2026-02-11 14:24:04,386 - __main__ - INFO - ============================================================
2026-02-11 14:24:04,420 - __main__ - INFO - Project root: C:\Users\woodn\OneDrive\Desktop\MAPOU_LAB_CAPSTONE\earthquake-flood-alert
2026-02-11 14:24:04,991 - __main__ - INFO - Loaded 4,811 records for site 03374100
2026-02-11 14:24:05,037 - __main__ - INFO - Target class distribution: {0: 4407, 1: 404}
2026-02-11 14:24:05,070 - __main__ - INFO - Using 46 NUMERIC features:
2026-02-11 14:24:05,109 - __main__ - INFO -   1. site_no
2026-02-11 14:24:05,124 - __main__ - INFO -   2. discharge_log
2026-02-11 14:24:05,150 - __main__ - INFO -   3. discharge_rolling_mean_7d
2026-02-11 14:24:05,185 - __main__ - INFO -   4. discharge_rolling_std_7d
2026-02-11 14:24:05,226 - __main__ - INFO -   5. discharge_rolling_max_7d
2026-02-11 14:24:05,251 - __main__ - INFO -   6. discharge_rolling_min_7d
2026-02-11 14:24:05,288 - __main__ - INFO -   7. discharge_rolling_mean_14d
2026-02-11 14:24:05,355 - __main__ - INFO -   8. discharge_rolling_std_14d
2026-02-11 14:24:05,402 - __main__ - INFO -   9. discharge_rolling_max_14d
2026-02-11 14:24:05,433 - __main__ - INFO -   10. discharge_rolling_min_14d
2026-02-11 14:24:05,545 - __main__ - INFO -   ... and 36 more
2026-02-11 14:24:05,640 - __main__ - INFO - Train set: 3,367 samples (9.029% flood events)
2026-02-11 14:24:05,693 - __main__ - INFO - Test set: 1,444 samples (6.925% flood events)
2026-02-11 14:24:05,803 - __main__ - INFO - Training RandomForestClassifier...
2026-02-11 14:24:07,585 - __main__ - INFO - TEST SET PERFORMANCE
2026-02-11 14:24:07,604 - __main__ - INFO - Accuracy:  0.9737
2026-02-11 14:24:07,636 - __main__ - INFO - Precision: 0.8974
2026-02-11 14:24:07,654 - __main__ - INFO - Recall:    0.7000
2026-02-11 14:24:07,684 - __main__ - INFO - F1 Score:  0.7865
2026-02-11 14:24:07,778 - __main__ - INFO - ROC AUC:   0.9597
2026-02-11 14:24:07,803 - __main__ - INFO - 
Classification Report:
2026-02-11 14:24:07,913 - __main__ - INFO -               precision    recall  f1-score   support

    No Flood       0.98      0.99      0.99      1344
 Flood Event       0.90      0.70      0.79       100

    accuracy                           0.97      1444
   macro avg       0.94      0.85      0.89      1444
weighted avg       0.97      0.97      0.97      1444

2026-02-11 14:24:08,480 - __main__ - INFO - [OK] Model saved to C:\Users\woodn\OneDrive\Desktop\MAPOU_LAB_CAPSTONE\earthquake-flood-alert\models\flood_risk_model_03374100_20260211_142407.pkl
2026-02-11 14:24:08,528 - __main__ - INFO - [OK] Scaler saved to C:\Users\woodn\OneDrive\Desktop\MAPOU_LAB_CAPSTONE\earthquake-flood-alert\models\flood_scaler_03374100_20260211_142407.pkl
2026-02-11 14:24:08,580 - __main__ - INFO - [OK] Feature names saved to C:\Users\woodn\OneDrive\Desktop\MAPOU_LAB_CAPSTONE\earthquake-flood-alert\models\flood_features_03374100_20260211_142407.json
2026-02-11 14:24:08,611 - __main__ - INFO - [OK] Evaluation results saved to C:\Users\woodn\OneDrive\Desktop\MAPOU_LAB_CAPSTONE\earthquake-flood-alert\models\flood_evaluation_03374100_20260211_142407.json
2026-02-11 14:24:08,647 - __main__ - INFO - TRAINING COMPLETE!
2026-02-11 14:24:08,679 - __main__ - INFO - [OK] Successfully trained model for 03374100
2026-02-11 14:24:08,719 - __main__ - INFO - 
============================================================
2026-02-11 14:24:08,749 - __main__ - INFO - TRAINING SUMMARY
2026-02-11 14:24:08,808 - __main__ - INFO - ============================================================
2026-02-11 14:24:08,828 - __main__ - INFO - Successful: 5/5 sites
2026-02-11 14:24:08,849 - __main__ - INFO - Failed: 0/5 sites
